step,action,action_type,documents,experiment,total_seconds
0,train,batch,1615,release-file,2330.0
1,infer,issues,222,release-file,0.0
2,infer,source,28,release-file,796.0
3,train,batch,2584,changeset-True-True-False-True,7417.0
4,infer,issues,222,changeset-True-True-False-True,1.0
5,infer,source,28,changeset-True-True-False-True,1183.0
6,train,online,1884,temporal,4947.0
7,infer,issue,1,temporal,0.0
8,infer,source,21,temporal,766.0
9,train,online,7,temporal,40.0
10,infer,issue,1,temporal,1.0
11,infer,source,21,temporal,774.0
12,train,online,133,temporal,304.0
13,infer,issue,1,temporal,0.0
14,infer,source,23,temporal,800.0
15,train,online,10,temporal,46.0
16,infer,issue,1,temporal,0.0
17,infer,source,23,temporal,806.0
18,train,online,48,temporal,423.0
19,infer,issue,1,temporal,0.0
20,infer,source,23,temporal,875.0
21,train,online,2,temporal,31.0
22,infer,issue,1,temporal,0.0
23,infer,source,23,temporal,870.0
24,train,online,204,temporal,473.0
25,infer,issue,1,temporal,0.0
26,infer,source,27,temporal,903.0
27,train,online,1,temporal,28.0
28,infer,issue,1,temporal,1.0
29,infer,source,27,temporal,899.0
30,train,online,4,temporal,35.0
31,infer,issue,1,temporal,0.0
32,infer,source,27,temporal,906.0
33,train,online,3,temporal,33.0
34,infer,issue,1,temporal,0.0
35,infer,source,27,temporal,904.0
36,train,online,3,temporal,34.0
37,infer,issue,1,temporal,0.0
38,infer,source,27,temporal,904.0
39,train,online,4,temporal,35.0
40,infer,issue,1,temporal,0.0
41,infer,source,27,temporal,913.0
42,train,online,1,temporal,101.0
43,infer,issue,1,temporal,0.0
44,infer,source,27,temporal,945.0
45,train,online,1,temporal,28.0
46,infer,issue,1,temporal,1.0
47,infer,source,27,temporal,949.0
48,train,online,2,temporal,31.0
49,infer,issue,1,temporal,1.0
50,infer,source,27,temporal,941.0
51,train,online,1,temporal,29.0
52,infer,issue,1,temporal,0.0
53,infer,source,27,temporal,948.0
54,train,online,1,temporal,28.0
55,infer,issue,1,temporal,0.0
56,infer,source,27,temporal,941.0
57,train,online,1,temporal,28.0
58,infer,issue,1,temporal,1.0
59,infer,source,27,temporal,949.0
60,train,online,2,temporal,31.0
61,infer,issue,1,temporal,0.0
62,infer,source,27,temporal,942.0
63,train,online,1,temporal,28.0
64,infer,issue,1,temporal,1.0
65,infer,source,27,temporal,948.0
66,train,online,1,temporal,28.0
67,infer,issue,1,temporal,1.0
68,infer,source,27,temporal,942.0
69,train,online,1,temporal,29.0
70,infer,issue,1,temporal,0.0
71,infer,source,27,temporal,948.0
72,train,online,2,temporal,31.0
73,infer,issue,1,temporal,0.0
74,infer,source,27,temporal,943.0
75,train,online,1,temporal,29.0
76,infer,issue,1,temporal,0.0
77,infer,source,27,temporal,947.0
78,train,online,1,temporal,157.0
79,infer,issue,1,temporal,0.0
80,infer,source,27,temporal,982.0
81,train,online,1,temporal,28.0
82,infer,issue,1,temporal,1.0
83,infer,source,27,temporal,974.0
84,train,online,2,temporal,31.0
85,infer,issue,1,temporal,0.0
86,infer,source,27,temporal,982.0
87,train,online,1,temporal,28.0
88,infer,issue,1,temporal,1.0
89,infer,source,27,temporal,975.0
90,train,online,1,temporal,28.0
91,infer,issue,1,temporal,1.0
92,infer,source,27,temporal,979.0
93,train,online,1,temporal,29.0
94,infer,issue,1,temporal,0.0
95,infer,source,27,temporal,978.0
96,train,online,1,temporal,29.0
97,infer,issue,1,temporal,0.0
98,infer,source,27,temporal,978.0
99,train,online,1,temporal,29.0
100,infer,issue,1,temporal,0.0
101,infer,source,27,temporal,981.0
102,train,online,1,temporal,31.0
103,infer,issue,1,temporal,0.0
104,infer,source,27,temporal,979.0
105,train,online,1,temporal,29.0
106,infer,issue,1,temporal,0.0
107,infer,source,27,temporal,985.0
108,train,online,1,temporal,29.0
109,infer,issue,1,temporal,0.0
110,infer,source,27,temporal,978.0
111,train,online,1,temporal,29.0
112,infer,issue,1,temporal,0.0
113,infer,source,27,temporal,989.0
114,train,online,1,temporal,29.0
115,infer,issue,1,temporal,0.0
116,infer,source,27,temporal,979.0
117,train,online,1,temporal,29.0
118,infer,issue,1,temporal,0.0
119,infer,source,27,temporal,984.0
120,train,online,1,temporal,28.0
121,infer,issue,1,temporal,1.0
122,infer,source,27,temporal,981.0
123,train,online,1,temporal,29.0
124,infer,issue,1,temporal,0.0
125,infer,source,27,temporal,983.0
126,train,online,1,temporal,29.0
127,infer,issue,1,temporal,0.0
128,infer,source,27,temporal,988.0
129,train,online,2,temporal,31.0
130,infer,issue,1,temporal,0.0
131,infer,source,27,temporal,978.0
132,train,online,1,temporal,29.0
133,infer,issue,1,temporal,0.0
134,infer,source,27,temporal,987.0
135,train,online,1,temporal,29.0
136,infer,issue,1,temporal,0.0
137,infer,source,27,temporal,980.0
138,train,online,1,temporal,29.0
139,infer,issue,1,temporal,0.0
140,infer,source,27,temporal,987.0
141,train,online,1,temporal,29.0
142,infer,issue,1,temporal,0.0
143,infer,source,27,temporal,983.0
144,train,online,2,temporal,31.0
145,infer,issue,1,temporal,0.0
146,infer,source,27,temporal,983.0
147,infer,issue,1,temporal,0.0
148,infer,source,27,temporal,984.0
149,train,online,1,temporal,29.0
150,infer,issue,1,temporal,1.0
151,infer,source,27,temporal,983.0
152,train,online,1,temporal,29.0
153,infer,issue,1,temporal,0.0
154,infer,source,27,temporal,991.0
155,train,online,1,temporal,29.0
156,infer,issue,1,temporal,0.0
157,infer,source,27,temporal,983.0
158,train,online,1,temporal,29.0
159,infer,issue,1,temporal,0.0
160,infer,source,27,temporal,987.0
161,train,online,1,temporal,29.0
162,infer,issue,1,temporal,0.0
163,infer,source,27,temporal,982.0
164,train,online,1,temporal,29.0
165,infer,issue,1,temporal,0.0
166,infer,source,27,temporal,984.0
167,train,online,1,temporal,28.0
168,infer,issue,1,temporal,1.0
169,infer,source,27,temporal,981.0
170,train,online,1,temporal,29.0
171,infer,issue,1,temporal,0.0
172,infer,source,27,temporal,987.0
173,train,online,1,temporal,29.0
174,infer,issue,1,temporal,0.0
175,infer,source,27,temporal,993.0
176,train,online,1,temporal,29.0
177,infer,issue,1,temporal,0.0
178,infer,source,27,temporal,985.0
179,train,online,1,temporal,29.0
180,infer,issue,1,temporal,0.0
181,infer,source,27,temporal,991.0
182,train,online,1,temporal,29.0
183,infer,issue,1,temporal,0.0
184,infer,source,27,temporal,985.0
185,train,online,1,temporal,28.0
186,infer,issue,1,temporal,1.0
187,infer,source,27,temporal,986.0
188,train,online,1,temporal,29.0
189,infer,issue,1,temporal,0.0
190,infer,source,27,temporal,983.0
191,train,online,1,temporal,29.0
192,infer,issue,1,temporal,0.0
193,infer,source,27,temporal,984.0
194,train,online,1,temporal,29.0
195,infer,issue,1,temporal,0.0
196,infer,source,27,temporal,988.0
197,train,online,1,temporal,29.0
198,infer,issue,1,temporal,1.0
199,infer,source,27,temporal,982.0
200,train,online,1,temporal,29.0
201,infer,issue,1,temporal,0.0
202,infer,source,27,temporal,987.0
203,train,online,3,temporal,33.0
204,infer,issue,1,temporal,1.0
205,infer,source,27,temporal,982.0
206,train,online,1,temporal,29.0
207,infer,issue,1,temporal,0.0
208,infer,source,27,temporal,990.0
209,train,online,1,temporal,28.0
210,infer,issue,1,temporal,0.0
211,infer,source,27,temporal,983.0
212,train,online,1,temporal,29.0
213,infer,issue,1,temporal,0.0
214,infer,source,27,temporal,986.0
215,train,online,2,temporal,370.0
216,infer,issue,1,temporal,0.0
217,infer,source,27,temporal,1065.0
218,train,online,1,temporal,31.0
219,infer,issue,1,temporal,0.0
220,infer,source,27,temporal,1058.0
221,train,online,1,temporal,29.0
222,infer,issue,1,temporal,0.0
223,infer,source,27,temporal,1063.0
224,train,online,1,temporal,29.0
225,infer,issue,1,temporal,1.0
226,infer,source,27,temporal,1065.0
227,train,online,1,temporal,30.0
228,infer,issue,1,temporal,0.0
229,infer,source,27,temporal,1056.0
230,train,online,1,temporal,29.0
231,infer,issue,1,temporal,0.0
232,infer,source,27,temporal,1062.0
233,train,online,1,temporal,29.0
234,infer,issue,1,temporal,0.0
235,infer,source,27,temporal,1058.0
236,train,online,1,temporal,30.0
237,infer,issue,1,temporal,0.0
238,infer,source,27,temporal,1062.0
239,train,online,1,temporal,30.0
240,infer,issue,1,temporal,0.0
241,infer,source,27,temporal,1067.0
242,train,online,1,temporal,29.0
243,infer,issue,1,temporal,1.0
244,infer,source,27,temporal,1058.0
245,train,online,1,temporal,29.0
246,infer,issue,1,temporal,0.0
247,infer,source,27,temporal,1066.0
248,train,online,1,temporal,29.0
249,infer,issue,1,temporal,0.0
250,infer,source,27,temporal,1061.0
251,train,online,1,temporal,28.0
252,infer,issue,1,temporal,1.0
253,infer,source,27,temporal,1062.0
254,train,online,1,temporal,29.0
255,infer,issue,1,temporal,0.0
256,infer,source,27,temporal,1067.0
257,train,online,1,temporal,29.0
258,infer,issue,1,temporal,0.0
259,infer,source,27,temporal,1062.0
260,train,online,1,temporal,29.0
261,infer,issue,1,temporal,0.0
262,infer,source,27,temporal,1065.0
263,train,online,1,temporal,389.0
264,infer,issue,1,temporal,0.0
265,infer,source,27,temporal,1141.0
266,train,online,1,temporal,29.0
267,infer,issue,1,temporal,0.0
268,infer,source,27,temporal,1136.0
269,train,online,1,temporal,30.0
270,infer,issue,1,temporal,0.0
271,infer,source,27,temporal,1137.0
272,train,online,1,temporal,29.0
273,infer,issue,1,temporal,0.0
274,infer,source,27,temporal,1142.0
275,train,online,1,temporal,29.0
276,infer,issue,1,temporal,0.0
277,infer,source,27,temporal,1135.0
278,train,online,1,temporal,29.0
279,infer,issue,1,temporal,0.0
280,infer,source,27,temporal,1139.0
281,train,online,1,temporal,29.0
282,infer,issue,1,temporal,0.0
283,infer,source,27,temporal,1144.0
284,train,online,1,temporal,33.0
285,infer,issue,1,temporal,0.0
286,infer,source,27,temporal,1137.0
287,train,online,1,temporal,29.0
288,infer,issue,1,temporal,0.0
289,infer,source,27,temporal,1146.0
290,train,online,1,temporal,30.0
291,infer,issue,1,temporal,0.0
292,infer,source,27,temporal,1145.0
293,train,online,1,temporal,29.0
294,infer,issue,1,temporal,0.0
295,infer,source,27,temporal,1141.0
296,train,online,1,temporal,29.0
297,infer,issue,1,temporal,0.0
298,infer,source,27,temporal,1144.0
299,train,online,1,temporal,29.0
300,infer,issue,1,temporal,0.0
301,infer,source,27,temporal,1141.0
302,train,online,1,temporal,30.0
303,infer,issue,1,temporal,0.0
304,infer,source,27,temporal,1142.0
305,train,online,1,temporal,29.0
306,infer,issue,1,temporal,1.0
307,infer,source,27,temporal,1146.0
308,train,online,1,temporal,29.0
309,infer,issue,1,temporal,0.0
310,infer,source,27,temporal,1141.0
311,train,online,1,temporal,29.0
312,infer,issue,1,temporal,0.0
313,infer,source,27,temporal,1144.0
314,train,online,1,temporal,29.0
315,infer,issue,1,temporal,0.0
316,infer,source,27,temporal,1149.0
317,train,online,1,temporal,29.0
318,infer,issue,1,temporal,0.0
319,infer,source,27,temporal,1142.0
320,train,online,1,temporal,29.0
321,infer,issue,1,temporal,0.0
322,infer,source,27,temporal,1143.0
323,train,online,1,temporal,29.0
324,infer,issue,1,temporal,0.0
325,infer,source,27,temporal,1148.0
326,infer,issue,1,temporal,1.0
327,infer,source,27,temporal,1141.0
328,train,online,1,temporal,29.0
329,infer,issue,1,temporal,0.0
330,infer,source,27,temporal,1143.0
331,train,online,1,temporal,29.0
332,infer,issue,1,temporal,1.0
333,infer,source,27,temporal,1146.0
334,train,online,1,temporal,29.0
335,infer,issue,1,temporal,0.0
336,infer,source,27,temporal,1140.0
337,train,online,1,temporal,29.0
338,infer,issue,1,temporal,0.0
339,infer,source,27,temporal,1144.0
340,train,online,1,temporal,29.0
341,infer,issue,1,temporal,0.0
342,infer,source,27,temporal,1149.0
343,train,online,1,temporal,30.0
344,infer,issue,1,temporal,0.0
345,infer,source,27,temporal,1144.0
346,train,online,1,temporal,29.0
347,infer,issue,1,temporal,1.0
348,infer,source,27,temporal,1146.0
349,train,online,1,temporal,29.0
350,infer,issue,1,temporal,1.0
351,infer,source,27,temporal,1154.0
352,train,online,1,temporal,29.0
353,infer,issue,1,temporal,0.0
354,infer,source,27,temporal,1140.0
355,train,online,1,temporal,29.0
356,infer,issue,1,temporal,0.0
357,infer,source,27,temporal,1146.0
358,train,online,1,temporal,29.0
359,infer,issue,1,temporal,0.0
360,infer,source,27,temporal,1148.0
361,train,online,1,temporal,30.0
362,infer,issue,1,temporal,0.0
363,infer,source,27,temporal,1145.0
364,train,online,1,temporal,29.0
365,infer,issue,1,temporal,0.0
366,infer,source,27,temporal,1151.0
367,train,online,1,temporal,29.0
368,infer,issue,1,temporal,0.0
369,infer,source,27,temporal,1144.0
370,train,online,1,temporal,29.0
371,infer,issue,1,temporal,0.0
372,infer,source,27,temporal,1145.0
373,train,online,1,temporal,29.0
374,infer,issue,1,temporal,0.0
375,infer,source,27,temporal,1148.0
376,train,online,1,temporal,28.0
377,infer,issue,1,temporal,1.0
378,infer,source,27,temporal,1144.0
379,train,online,1,temporal,29.0
380,infer,issue,1,temporal,0.0
381,infer,source,27,temporal,1146.0
382,train,online,1,temporal,29.0
383,infer,issue,1,temporal,0.0
384,infer,source,27,temporal,1148.0
385,train,online,1,temporal,28.0
386,infer,issue,1,temporal,1.0
387,infer,source,27,temporal,1142.0
388,train,online,1,temporal,29.0
389,infer,issue,1,temporal,1.0
390,infer,source,27,temporal,1145.0
391,train,online,1,temporal,29.0
392,infer,issue,1,temporal,0.0
393,infer,source,27,temporal,1150.0
394,train,online,1,temporal,29.0
395,infer,issue,1,temporal,1.0
396,infer,source,27,temporal,1143.0
397,train,online,1,temporal,29.0
398,infer,issue,1,temporal,0.0
399,infer,source,27,temporal,1147.0
400,train,online,1,temporal,29.0
401,infer,issue,1,temporal,0.0
402,infer,source,27,temporal,1149.0
403,train,online,1,temporal,30.0
404,infer,issue,1,temporal,0.0
405,infer,source,27,temporal,1145.0
406,train,online,1,temporal,29.0
407,infer,issue,1,temporal,0.0
408,infer,source,27,temporal,1148.0
409,train,online,1,temporal,29.0
410,infer,issue,1,temporal,0.0
411,infer,source,27,temporal,1152.0
412,train,online,1,temporal,29.0
413,infer,issue,1,temporal,0.0
414,infer,source,27,temporal,1144.0
415,train,online,1,temporal,29.0
416,infer,issue,1,temporal,0.0
417,infer,source,27,temporal,1149.0
418,train,online,1,temporal,29.0
419,infer,issue,1,temporal,0.0
420,infer,source,28,temporal,1152.0
421,train,online,1,temporal,29.0
422,infer,issue,1,temporal,0.0
423,infer,source,28,temporal,1143.0
424,train,online,1,temporal,29.0
425,infer,issue,1,temporal,0.0
426,infer,source,28,temporal,1151.0
427,train,online,1,temporal,29.0
428,infer,issue,1,temporal,0.0
429,infer,source,28,temporal,1155.0
430,train,online,1,temporal,29.0
431,infer,issue,1,temporal,0.0
432,infer,source,28,temporal,1144.0
433,train,online,1,temporal,29.0
434,infer,issue,1,temporal,0.0
435,infer,source,28,temporal,1150.0
436,train,online,1,temporal,29.0
437,infer,issue,1,temporal,0.0
438,infer,source,28,temporal,1150.0
439,train,online,2,temporal,34.0
440,infer,issue,1,temporal,0.0
441,infer,source,28,temporal,1147.0
442,infer,issue,1,temporal,0.0
443,infer,source,28,temporal,1154.0
444,train,online,2,temporal,31.0
445,infer,issue,1,temporal,0.0
446,infer,source,28,temporal,1147.0
447,train,online,1,temporal,29.0
448,infer,issue,1,temporal,0.0
449,infer,source,28,temporal,1148.0
450,train,online,1,temporal,29.0
451,infer,issue,1,temporal,0.0
452,infer,source,28,temporal,1153.0
453,train,online,1,temporal,29.0
454,infer,issue,1,temporal,0.0
455,infer,source,28,temporal,1147.0
456,train,online,2,temporal,33.0
457,infer,issue,1,temporal,0.0
458,infer,source,28,temporal,1155.0
459,train,online,1,temporal,29.0
460,infer,issue,1,temporal,0.0
461,infer,source,28,temporal,1158.0
462,train,online,1,temporal,29.0
463,infer,issue,1,temporal,0.0
464,infer,source,28,temporal,1154.0
465,train,online,1,temporal,29.0
466,infer,issue,1,temporal,0.0
467,infer,source,28,temporal,1155.0
468,train,online,1,temporal,29.0
469,infer,issue,1,temporal,0.0
470,infer,source,28,temporal,1158.0
471,train,online,1,temporal,29.0
472,infer,issue,1,temporal,0.0
473,infer,source,28,temporal,1153.0
474,train,online,1,temporal,29.0
475,infer,issue,1,temporal,0.0
476,infer,source,28,temporal,1156.0
477,train,online,1,temporal,29.0
478,infer,issue,1,temporal,0.0
479,infer,source,28,temporal,1163.0
480,train,online,1,temporal,29.0
481,infer,issue,1,temporal,0.0
482,infer,source,28,temporal,1155.0
483,train,online,1,temporal,29.0
484,infer,issue,1,temporal,0.0
485,infer,source,28,temporal,1159.0
486,train,online,1,temporal,29.0
487,infer,issue,1,temporal,0.0
488,infer,source,28,temporal,1160.0
489,train,online,1,temporal,29.0
490,infer,issue,1,temporal,0.0
491,infer,source,28,temporal,1152.0
492,train,online,1,temporal,29.0
493,infer,issue,1,temporal,0.0
494,infer,source,28,temporal,1156.0
495,train,online,1,temporal,29.0
496,infer,issue,1,temporal,0.0
497,infer,source,28,temporal,1159.0
498,train,online,1,temporal,28.0
499,infer,issue,1,temporal,1.0
500,infer,source,28,temporal,1152.0
501,train,online,1,temporal,29.0
502,infer,issue,1,temporal,0.0
503,infer,source,28,temporal,1155.0
504,train,online,1,temporal,30.0
505,infer,issue,1,temporal,0.0
506,infer,source,28,temporal,1160.0
507,train,online,1,temporal,29.0
508,infer,issue,1,temporal,0.0
509,infer,source,28,temporal,1153.0
510,train,online,1,temporal,29.0
511,infer,issue,1,temporal,1.0
512,infer,source,28,temporal,1156.0
513,train,online,1,temporal,29.0
514,infer,issue,1,temporal,0.0
515,infer,source,28,temporal,1160.0
516,train,online,1,temporal,29.0
517,infer,issue,1,temporal,0.0
518,infer,source,28,temporal,1153.0
519,train,online,1,temporal,29.0
520,infer,issue,1,temporal,0.0
521,infer,source,28,temporal,1156.0
522,train,online,1,temporal,29.0
523,infer,issue,1,temporal,0.0
524,infer,source,28,temporal,1160.0
525,train,online,1,temporal,29.0
526,infer,issue,1,temporal,1.0
527,infer,source,28,temporal,1155.0
528,train,online,1,temporal,29.0
529,infer,issue,1,temporal,0.0
530,infer,source,28,temporal,1159.0
531,train,online,1,temporal,29.0
532,infer,issue,1,temporal,0.0
533,infer,source,28,temporal,1164.0
534,train,online,1,temporal,29.0
535,infer,issue,1,temporal,1.0
536,infer,source,28,temporal,1153.0
537,train,online,1,temporal,29.0
538,infer,issue,1,temporal,0.0
539,infer,source,28,temporal,1161.0
540,train,online,1,temporal,48.0
541,infer,issue,1,temporal,0.0
542,infer,source,28,temporal,1167.0
543,infer,issue,1,temporal,0.0
544,infer,source,28,temporal,1158.0
545,train,online,1,temporal,28.0
546,infer,issue,1,temporal,1.0
547,infer,source,28,temporal,1167.0
548,train,online,1,temporal,29.0
549,infer,issue,1,temporal,0.0
550,infer,source,28,temporal,1167.0
551,train,online,1,temporal,30.0
552,infer,issue,1,temporal,0.0
553,infer,source,28,temporal,1160.0
554,train,online,1,temporal,29.0
555,infer,issue,1,temporal,0.0
556,infer,source,28,temporal,1167.0
557,train,online,1,temporal,29.0
558,infer,issue,1,temporal,0.0
559,infer,source,28,temporal,1167.0
560,train,online,1,temporal,31.0
561,infer,issue,1,temporal,0.0
562,infer,source,28,temporal,1163.0
563,train,online,1,temporal,29.0
564,infer,issue,1,temporal,0.0
565,infer,source,28,temporal,1167.0
566,train,online,1,temporal,29.0
567,infer,issue,1,temporal,0.0
568,infer,source,28,temporal,1170.0
569,train,online,1,temporal,30.0
570,infer,issue,1,temporal,1.0
571,infer,source,28,temporal,1163.0
572,train,online,1,temporal,28.0
573,infer,issue,1,temporal,1.0
574,infer,source,28,temporal,1167.0
575,train,online,1,temporal,29.0
576,infer,issue,1,temporal,0.0
577,infer,source,28,temporal,1169.0
578,train,online,1,temporal,30.0
579,infer,issue,1,temporal,0.0
580,infer,source,28,temporal,1165.0
581,train,online,1,temporal,29.0
582,infer,issue,1,temporal,0.0
583,infer,source,28,temporal,1168.0
584,train,online,1,temporal,28.0
585,infer,issue,1,temporal,1.0
586,infer,source,28,temporal,1166.0
587,train,online,1,temporal,30.0
588,infer,issue,1,temporal,0.0
589,infer,source,28,temporal,1165.0
590,train,online,1,temporal,29.0
591,infer,issue,1,temporal,0.0
592,infer,source,28,temporal,1169.0
593,train,online,1,temporal,29.0
594,infer,issue,1,temporal,0.0
595,infer,source,28,temporal,1167.0
596,train,online,1,temporal,29.0
597,infer,issue,1,temporal,1.0
598,infer,source,28,temporal,1168.0
599,train,online,2,temporal,32.0
600,infer,issue,1,temporal,0.0
601,infer,source,28,temporal,1169.0
602,train,online,1,temporal,29.0
603,infer,issue,1,temporal,0.0
604,infer,source,28,temporal,1167.0
605,train,online,1,temporal,29.0
606,infer,issue,1,temporal,0.0
607,infer,source,28,temporal,1171.0
608,train,online,1,temporal,29.0
609,infer,issue,1,temporal,0.0
610,infer,source,28,temporal,1171.0
611,train,online,1,temporal,29.0
612,infer,issue,1,temporal,0.0
613,infer,source,28,temporal,1170.0
614,train,online,1,temporal,30.0
615,infer,issue,1,temporal,0.0
616,infer,source,28,temporal,1168.0
617,train,online,1,temporal,29.0
618,infer,issue,1,temporal,0.0
619,infer,source,28,temporal,1174.0
620,train,online,1,temporal,29.0
621,infer,issue,1,temporal,0.0
622,infer,source,28,temporal,1171.0
623,train,online,1,temporal,29.0
624,infer,issue,1,temporal,0.0
625,infer,source,28,temporal,1171.0
626,train,online,1,temporal,29.0
627,infer,issue,1,temporal,0.0
628,infer,source,28,temporal,1175.0
629,train,online,1,temporal,29.0
630,infer,issue,1,temporal,0.0
631,infer,source,28,temporal,1169.0
632,train,online,1,temporal,30.0
633,infer,issue,1,temporal,0.0
634,infer,source,28,temporal,1168.0
635,train,online,1,temporal,29.0
636,infer,issue,1,temporal,0.0
637,infer,source,28,temporal,1172.0
638,train,online,1,temporal,29.0
639,infer,issue,1,temporal,0.0
640,infer,source,28,temporal,1174.0
641,train,online,1,temporal,30.0
642,infer,issue,1,temporal,0.0
643,infer,source,28,temporal,1172.0
644,train,online,1,temporal,29.0
645,infer,issue,1,temporal,0.0
646,infer,source,28,temporal,1177.0
647,train,online,1,temporal,29.0
648,infer,issue,1,temporal,0.0
649,infer,source,28,temporal,1170.0
650,train,online,1,temporal,30.0
651,infer,issue,1,temporal,0.0
652,infer,source,28,temporal,1168.0
653,train,online,1,temporal,29.0
654,infer,issue,1,temporal,1.0
655,infer,source,28,temporal,1172.0
656,train,online,1,temporal,29.0
657,infer,issue,1,temporal,0.0
658,infer,source,28,temporal,1174.0
659,train,online,1,temporal,30.0
660,infer,issue,1,temporal,0.0
661,infer,source,28,temporal,1170.0
662,train,online,1,temporal,29.0
663,infer,issue,1,temporal,0.0
664,infer,source,28,temporal,1174.0
665,train,online,1,temporal,29.0
666,infer,issue,1,temporal,0.0
667,infer,source,28,temporal,1174.0
668,train,online,1,temporal,30.0
669,infer,issue,1,temporal,0.0
670,infer,source,28,temporal,1172.0
671,train,online,1,temporal,29.0
672,infer,issue,1,temporal,0.0
673,infer,source,28,temporal,1178.0
674,train,online,1,temporal,29.0
675,infer,issue,1,temporal,0.0
676,infer,source,28,temporal,1176.0
677,train,online,1,temporal,29.0
678,infer,issue,1,temporal,1.0
679,infer,source,28,temporal,1172.0
680,train,online,1,temporal,29.0
681,infer,issue,1,temporal,0.0
682,infer,source,28,temporal,1181.0
683,train,online,1,temporal,29.0
684,infer,issue,1,temporal,0.0
685,infer,source,28,temporal,1178.0
686,train,online,1,temporal,30.0
687,infer,issue,1,temporal,0.0
688,infer,source,28,temporal,1174.0
689,train,online,1,temporal,30.0
690,infer,issue,1,temporal,0.0
691,infer,source,28,temporal,1179.0
692,train,online,1,temporal,29.0
693,infer,issue,1,temporal,0.0
694,infer,source,28,temporal,1180.0
695,train,online,1,temporal,30.0
696,infer,issue,1,temporal,0.0
697,infer,source,28,temporal,1173.0
698,train,online,1,temporal,29.0
699,infer,issue,1,temporal,0.0
700,infer,source,28,temporal,1178.0
701,train,online,1,temporal,29.0
702,infer,issue,1,temporal,1.0
703,infer,source,28,temporal,1179.0
704,train,online,1,temporal,30.0
705,infer,issue,1,temporal,0.0
706,infer,source,28,temporal,1173.0
707,train,online,1,temporal,29.0
708,infer,issue,1,temporal,0.0
709,infer,source,28,temporal,1182.0
710,train,online,1,temporal,30.0
711,infer,issue,1,temporal,0.0
712,infer,source,28,temporal,1189.0
713,train,online,1,temporal,29.0
714,infer,issue,1,temporal,0.0
715,infer,source,28,temporal,1176.0
716,train,online,1,temporal,29.0
717,infer,issue,1,temporal,0.0
718,infer,source,28,temporal,1185.0
719,train,online,1,temporal,29.0
720,infer,issue,1,temporal,0.0
721,infer,source,28,temporal,1184.0
722,train,online,1,temporal,29.0
723,infer,issue,1,temporal,0.0
724,infer,source,28,temporal,1175.0
725,train,online,1,temporal,29.0
726,infer,issue,1,temporal,0.0
727,infer,source,28,temporal,1180.0
728,train,online,1,temporal,29.0
729,infer,issue,1,temporal,0.0
730,infer,source,28,temporal,1183.0
731,train,online,1,temporal,30.0
732,infer,issue,1,temporal,0.0
733,infer,source,28,temporal,1176.0
734,train,online,1,temporal,29.0
735,infer,issue,1,temporal,0.0
736,infer,source,28,temporal,1181.0
737,train,online,1,temporal,29.0
738,infer,issue,1,temporal,0.0
739,infer,source,28,temporal,1184.0
740,train,online,1,temporal,29.0
741,infer,issue,1,temporal,0.0
742,infer,source,28,temporal,1177.0
743,train,online,1,temporal,29.0
744,infer,issue,1,temporal,0.0
745,infer,source,28,temporal,1182.0
746,train,online,1,temporal,29.0
747,infer,issue,1,temporal,0.0
748,infer,source,28,temporal,1184.0
749,train,online,1,temporal,28.0
750,infer,issue,1,temporal,1.0
751,infer,source,28,temporal,1176.0
752,train,online,1,temporal,30.0
753,infer,issue,1,temporal,0.0
754,infer,source,28,temporal,1182.0
755,train,online,1,temporal,29.0
756,infer,issue,1,temporal,0.0
757,infer,source,28,temporal,1184.0
758,train,online,1,temporal,29.0
759,infer,issue,1,temporal,0.0
760,infer,source,28,temporal,1178.0
761,train,online,1,temporal,29.0
762,infer,issue,1,temporal,0.0
763,infer,source,28,temporal,1181.0
764,train,online,1,temporal,30.0
765,infer,issue,1,temporal,0.0
766,infer,source,28,temporal,1184.0
767,train,online,1,temporal,29.0
768,infer,issue,1,temporal,0.0
769,infer,source,28,temporal,1179.0
770,train,online,1,temporal,29.0
771,infer,issue,1,temporal,0.0
772,infer,source,28,temporal,1181.0
773,train,online,1,temporal,28.0
774,infer,issue,1,temporal,1.0
775,infer,source,28,temporal,1183.0
776,train,online,1,temporal,29.0
777,infer,issue,1,temporal,0.0
778,infer,source,28,temporal,1179.0
779,train,online,2,temporal,32.0
780,infer,issue,1,temporal,0.0
781,infer,source,28,temporal,1181.0
782,train,online,1,temporal,32.0
783,infer,issue,1,temporal,1.0
784,infer,source,28,temporal,1186.0
785,train,online,1,temporal,29.0
786,infer,issue,1,temporal,0.0
787,infer,source,28,temporal,1180.0
788,train,online,1,temporal,30.0
789,infer,issue,1,temporal,0.0
790,infer,source,28,temporal,1184.0
791,train,online,1,temporal,29.0
792,infer,issue,1,temporal,0.0
793,infer,source,28,temporal,1191.0
794,train,online,1,temporal,29.0
795,infer,issue,1,temporal,0.0
796,infer,source,28,temporal,1182.0
797,train,online,1,temporal,29.0
798,infer,issue,1,temporal,0.0
799,infer,source,28,temporal,1188.0
800,train,online,1,temporal,29.0
801,infer,issue,1,temporal,0.0
802,infer,source,28,temporal,1189.0
803,train,online,1,temporal,29.0
804,infer,issue,1,temporal,0.0
805,infer,source,28,temporal,1183.0
806,train,online,1,temporal,29.0
807,infer,issue,1,temporal,1.0
808,infer,source,28,temporal,1183.0
809,train,online,1,temporal,29.0
810,infer,issue,1,temporal,0.0
811,infer,source,28,temporal,1187.0
812,train,online,1,temporal,29.0
813,infer,issue,1,temporal,0.0
814,infer,source,28,temporal,1183.0
815,train,online,1,temporal,30.0
816,infer,issue,1,temporal,0.0
817,infer,source,28,temporal,1185.0
818,train,online,1,temporal,30.0
819,infer,issue,1,temporal,0.0
820,infer,source,28,temporal,1188.0
821,train,online,1,temporal,29.0
822,infer,issue,1,temporal,1.0
823,infer,source,28,temporal,1185.0
824,train,online,1,temporal,29.0
825,infer,issue,1,temporal,0.0
826,infer,source,28,temporal,1191.0
827,train,online,1,temporal,29.0
828,infer,issue,1,temporal,0.0
829,infer,source,28,temporal,1197.0
830,train,online,1,temporal,29.0
831,infer,issue,1,temporal,0.0
832,infer,source,28,temporal,1190.0
833,train,online,3,temporal,35.0
834,infer,issue,1,temporal,1.0
835,infer,source,28,temporal,1188.0
836,train,online,2,temporal,32.0
837,infer,issue,1,temporal,1.0
838,infer,source,28,temporal,1196.0
