,,,Xfinder Recommendations,,,Xfinder Accuracy on Commit/Patch Files,,,,,,,,,Maintainer Accuracy on Commit/Patch Files,,,,,Maintainer Accuracy on Commit/Patch Files,,,
Bug #,Developer that fixed the Bug,LSI Given Relevant File,File Experts,Package Experts,System Experts,File Level,Package Level,System Level,Overall,,,,,Listed contacts of maintainers,File Level,Package Level,System Level,Overall,Liste of randomly selected developers from before the alpaha release,File Level,Package Level,System Level,Overall
124527,mecir,export\listeformat.h, , ,rempt fmerz girish zander mkruisselbrink staniek zachmann clicea villani sebsauer ,0,0,0,0,,,,,zander zachmann ingwa staniek boud jaham,0,0,0,0,clicea sitter adrian sebsauer bjacob astan villani hdhoang zander ducroquet,0,0,0,0
124527,mecir,kotext\KoTextSelectionHandler.cpp,girish zander mkruisselbrink ,girish zander sebsauer mkruisselbrink staniek zachmann fmerz ,rempt fmerz girish zander mkruisselbrink staniek zachmann clicea villani sebsauer ,0,0,0,0,,,,,zander zachmann ingwa staniek boud jaham,0,0,0,0,clicea sitter adrian sebsauer bjacob astan villani hdhoang zander ducroquet,0,0,0,0
124527,mecir,export\listeformat.h, , ,rempt fmerz girish zander mkruisselbrink staniek zachmann clicea villani sebsauer ,0,0,0,0,,,,,zander zachmann ingwa staniek boud jaham,0,0,0,0,clicea sitter adrian sebsauer bjacob astan villani hdhoang zander ducroquet,0,0,0,0
124527,mecir,odf\KoOdfNumberStyles.cpp,girish ,girish fmerz langkamp sengels ,rempt fmerz girish zander mkruisselbrink staniek zachmann clicea villani sebsauer ,0,0,0,0,,,,,zander zachmann ingwa staniek boud jaham,0,0,0,0,clicea sitter adrian sebsauer bjacob astan villani hdhoang zander ducroquet,0,0,0,0
124527,mecir,main\KoPageFormat.cpp, ,fmerz staniek villani langkamp berger ,rempt fmerz girish zander mkruisselbrink staniek zachmann clicea villani sebsauer ,0,0,0,0,,,,,zander zachmann ingwa staniek boud jaham,0,0,0,0,clicea sitter adrian sebsauer bjacob astan villani hdhoang zander ducroquet,0,0,0,0
124527,mecir,kotext\KoTextSelectionHandler.cpp,girish zander mkruisselbrink ,girish zander sebsauer mkruisselbrink staniek zachmann fmerz ,rempt fmerz girish zander mkruisselbrink staniek zachmann clicea villani sebsauer ,0,0,0,0,,,,,zander zachmann ingwa staniek boud jaham,0,0,0,0,clicea sitter adrian sebsauer bjacob astan villani hdhoang zander ducroquet,0,0,0,0
124527,mecir,wml\wmlparser.cpp, , ,rempt fmerz girish zander mkruisselbrink staniek zachmann clicea villani sebsauer ,0,0,0,0,,,,,zander zachmann ingwa staniek boud jaham,0,0,0,0,clicea sitter adrian sebsauer bjacob astan villani hdhoang zander ducroquet,0,0,0,0
124527,mecir,kotext\KoTextSelectionHandler.cpp,girish zander mkruisselbrink ,girish zander sebsauer mkruisselbrink staniek zachmann fmerz ,rempt fmerz girish zander mkruisselbrink staniek zachmann clicea villani sebsauer ,0,0,0,0,,,,,zander zachmann ingwa staniek boud jaham,0,0,0,0,clicea sitter adrian sebsauer bjacob astan villani hdhoang zander ducroquet,0,0,0,0
124527,mecir,dialogs\LayoutDialog.cpp, ,zander girish sebsauer rempt ducroquet mkruisselbrink zachmann ,rempt fmerz girish zander mkruisselbrink staniek zachmann clicea villani sebsauer ,0,0,0,0,,,,,zander zachmann ingwa staniek boud jaham,0,0,0,0,clicea sitter adrian sebsauer bjacob astan villani hdhoang zander ducroquet,0,0,0,0
124527,mecir,export\listeformat.h, , ,rempt fmerz girish zander mkruisselbrink staniek zachmann clicea villani sebsauer ,0,0,0,0,,,,,zander zachmann ingwa staniek boud jaham,0,0,0,0,clicea sitter adrian sebsauer bjacob astan villani hdhoang zander ducroquet,0,0,0,0
125306,mkruisselbrink,calendar\CalendarToolFactory.cpp, , ,rempt fmerz girish zander mkruisselbrink staniek zachmann clicea villani sebsauer ,0,0,1,1,,,,,zander zachmann ingwa staniek boud jaham,0,0,0,0,binner mlaurent ducroquet nlecureuil flambert bjacob bloos staniek sharan lunakl,0,0,0,0
125306,mkruisselbrink,commands\TextCommandBase.cpp, ,zander sebsauer mkruisselbrink ducroquet girish ,rempt fmerz girish zander mkruisselbrink staniek zachmann clicea villani sebsauer ,0,1,1,1,,,,,zander zachmann ingwa staniek boud jaham,0,0,0,0,binner mlaurent ducroquet nlecureuil flambert bjacob bloos staniek sharan lunakl,0,0,0,0
125306,mkruisselbrink,commands\TextCommandBase.h, ,zander sebsauer mkruisselbrink ducroquet girish ,rempt fmerz girish zander mkruisselbrink staniek zachmann clicea villani sebsauer ,0,1,1,1,,,,,zander zachmann ingwa staniek boud jaham,0,0,0,0,binner mlaurent ducroquet nlecureuil flambert bjacob bloos staniek sharan lunakl,0,0,0,0
125306,mkruisselbrink,commands\TextInsertParagraphCommand.cpp, ,zander sebsauer mkruisselbrink ducroquet girish ,rempt fmerz girish zander mkruisselbrink staniek zachmann clicea villani sebsauer ,0,1,1,1,,,,,zander zachmann ingwa staniek boud jaham,0,0,0,0,binner mlaurent ducroquet nlecureuil flambert bjacob bloos staniek sharan lunakl,0,0,0,0
125306,mkruisselbrink,commands\TextInsertTextCommand.cpp, ,zander sebsauer mkruisselbrink ducroquet girish ,rempt fmerz girish zander mkruisselbrink staniek zachmann clicea villani sebsauer ,0,1,1,1,,,,,zander zachmann ingwa staniek boud jaham,0,0,0,0,binner mlaurent ducroquet nlecureuil flambert bjacob bloos staniek sharan lunakl,0,0,0,0
125306,mkruisselbrink,models\kptcalendarmodel.cpp, ,danders ,rempt fmerz girish zander mkruisselbrink staniek zachmann clicea villani sebsauer ,0,0,1,1,,,,,zander zachmann ingwa staniek boud jaham,0,0,0,0,binner mlaurent ducroquet nlecureuil flambert bjacob bloos staniek sharan lunakl,0,0,0,0
125306,mkruisselbrink,tool_curves\kis_tool_example.h, , ,rempt fmerz girish zander mkruisselbrink staniek zachmann clicea villani sebsauer ,0,0,1,1,,,,,zander zachmann ingwa staniek boud jaham,0,0,0,0,binner mlaurent ducroquet nlecureuil flambert bjacob bloos staniek sharan lunakl,0,0,0,0
125306,mkruisselbrink,RulerAssistantTool\kis_ruler_assistant_tool.h,berger ,berger ,rempt fmerz girish zander mkruisselbrink staniek zachmann clicea villani sebsauer ,0,0,1,1,,,,,zander zachmann ingwa staniek boud jaham,0,0,0,0,binner mlaurent ducroquet nlecureuil flambert bjacob bloos staniek sharan lunakl,0,0,0,0
125306,mkruisselbrink,tool_curves\kis_tool_moutline.h, , ,rempt fmerz girish zander mkruisselbrink staniek zachmann clicea villani sebsauer ,0,0,1,1,,,,,zander zachmann ingwa staniek boud jaham,0,0,0,0,binner mlaurent ducroquet nlecureuil flambert bjacob bloos staniek sharan lunakl,0,0,0,0
125306,mkruisselbrink,tool_polygon\kis_tool_polygon.h, ,rempt ,rempt fmerz girish zander mkruisselbrink staniek zachmann clicea villani sebsauer ,0,0,1,1,,,,,zander zachmann ingwa staniek boud jaham,0,0,0,0,binner mlaurent ducroquet nlecureuil flambert bjacob bloos staniek sharan lunakl,0,0,0,0
130922,mkruisselbrink,kformula1.3\KFormula13Import.cpp, , ,rempt fmerz girish zander mkruisselbrink staniek zachmann clicea villani sebsauer ,0,0,1,1,,,,,zander zachmann ingwa staniek boud jaham,0,0,0,0,page quique habacker scripty sebsauer anagl jriddell lukast fela ingwa,0,0,0,0
130922,mkruisselbrink,import\wpimport.h, ,ingwa ,rempt fmerz girish zander mkruisselbrink staniek zachmann clicea villani sebsauer ,0,0,1,1,,,,,zander zachmann ingwa staniek boud jaham,0,0,0,0,page quique habacker scripty sebsauer anagl jriddell lukast fela ingwa,0,0,0,0
130922,mkruisselbrink,wml\wmlimport.h, , ,rempt fmerz girish zander mkruisselbrink staniek zachmann clicea villani sebsauer ,0,0,1,1,,,,,zander zachmann ingwa staniek boud jaham,0,0,0,0,page quique habacker scripty sebsauer anagl jriddell lukast fela ingwa,0,0,0,0
130922,mkruisselbrink,abiword\abiwordimport.h, , ,rempt fmerz girish zander mkruisselbrink staniek zachmann clicea villani sebsauer ,0,0,1,1,,,,,zander zachmann ingwa staniek boud jaham,0,0,0,0,page quique habacker scripty sebsauer anagl jriddell lukast fela ingwa,0,0,0,0
130922,mkruisselbrink,pdf\pdfimport.cpp, ,rempt ingwa ,rempt fmerz girish zander mkruisselbrink staniek zachmann clicea villani sebsauer ,0,0,1,1,,,,,zander zachmann ingwa staniek boud jaham,0,0,0,0,page quique habacker scripty sebsauer anagl jriddell lukast fela ingwa,0,0,0,0
130922,mkruisselbrink,amipro\amiproimport.h, , ,rempt fmerz girish zander mkruisselbrink staniek zachmann clicea villani sebsauer ,0,0,1,1,,,,,zander zachmann ingwa staniek boud jaham,0,0,0,0,page quique habacker scripty sebsauer anagl jriddell lukast fela ingwa,0,0,0,0
130922,mkruisselbrink,import\excelimport.h, ,ingwa ,rempt fmerz girish zander mkruisselbrink staniek zachmann clicea villani sebsauer ,0,0,1,1,,,,,zander zachmann ingwa staniek boud jaham,0,0,0,0,page quique habacker scripty sebsauer anagl jriddell lukast fela ingwa,0,0,0,0
130922,mkruisselbrink,pdf\kis_pdf_import.cpp,rempt ,rempt ingwa ,rempt fmerz girish zander mkruisselbrink staniek zachmann clicea villani sebsauer ,0,0,1,1,,,,,zander zachmann ingwa staniek boud jaham,0,0,0,0,page quique habacker scripty sebsauer anagl jriddell lukast fela ingwa,0,0,0,0
130922,mkruisselbrink,import\xsltimport.h, ,ingwa ,rempt fmerz girish zander mkruisselbrink staniek zachmann clicea villani sebsauer ,0,0,1,1,,,,,zander zachmann ingwa staniek boud jaham,0,0,0,0,page quique habacker scripty sebsauer anagl jriddell lukast fela ingwa,0,0,0,0
130922,mkruisselbrink,xaml\xamlimport.h, , ,rempt fmerz girish zander mkruisselbrink staniek zachmann clicea villani sebsauer ,0,0,1,1,,,,,zander zachmann ingwa staniek boud jaham,0,0,0,0,page quique habacker scripty sebsauer anagl jriddell lukast fela ingwa,0,0,0,0
137639,langkamp,common\KarbonGradientHelper.cpp, ,piggz fmerz mkruisselbrink ,rempt fmerz girish zander mkruisselbrink staniek zachmann clicea villani sebsauer ,0,0,0,0,,,,,zander zachmann ingwa staniek boud jaham,0,0,0,0,ariya lueck tamponi coolo jpetso adrian roop knight coppens mwoehlke,0,0,0,0
137639,langkamp,svg\SvgGradientHelper.cpp, , ,rempt fmerz girish zander mkruisselbrink staniek zachmann clicea villani sebsauer ,0,0,0,0,,,,,zander zachmann ingwa staniek boud jaham,0,0,0,0,ariya lueck tamponi coolo jpetso adrian roop knight coppens mwoehlke,0,0,0,0
137639,langkamp,flake\KoGradientBackground.cpp, ,staniek zachmann zander mkruisselbrink jaham clicea nikolaus fmerz ,rempt fmerz girish zander mkruisselbrink staniek zachmann clicea villani sebsauer ,0,0,0,0,,,,,zander zachmann ingwa staniek boud jaham,0,0,0,0,ariya lueck tamponi coolo jpetso adrian roop knight coppens mwoehlke,0,0,0,0
137639,langkamp,widgets\KarbonGradientChooser.cpp, ,rempt fmerz mkruisselbrink ,rempt fmerz girish zander mkruisselbrink staniek zachmann clicea villani sebsauer ,0,0,0,0,,,,,zander zachmann ingwa staniek boud jaham,0,0,0,0,ariya lueck tamponi coolo jpetso adrian roop knight coppens mwoehlke,0,0,0,0
137639,langkamp,tools\KarbonGradientEditStrategy.cpp,mkruisselbrink ,jaham mkruisselbrink zachmann ,rempt fmerz girish zander mkruisselbrink staniek zachmann clicea villani sebsauer ,0,0,0,0,,,,,zander zachmann ingwa staniek boud jaham,0,0,0,0,ariya lueck tamponi coolo jpetso adrian roop knight coppens mwoehlke,0,0,0,0
137639,langkamp,tools\KarbonGradientEditStrategy.cpp,mkruisselbrink ,jaham mkruisselbrink zachmann ,rempt fmerz girish zander mkruisselbrink staniek zachmann clicea villani sebsauer ,0,0,0,0,,,,,zander zachmann ingwa staniek boud jaham,0,0,0,0,ariya lueck tamponi coolo jpetso adrian roop knight coppens mwoehlke,0,0,0,0
137639,langkamp,opengl\kis_opengl_gradient_program.cpp, ,rempt ,rempt fmerz girish zander mkruisselbrink staniek zachmann clicea villani sebsauer ,0,0,0,0,,,,,zander zachmann ingwa staniek boud jaham,0,0,0,0,ariya lueck tamponi coolo jpetso adrian roop knight coppens mwoehlke,0,0,0,0
137639,langkamp,widgets\KarbonGradientItem.cpp, ,rempt fmerz mkruisselbrink ,rempt fmerz girish zander mkruisselbrink staniek zachmann clicea villani sebsauer ,0,0,0,0,,,,,zander zachmann ingwa staniek boud jaham,0,0,0,0,ariya lueck tamponi coolo jpetso adrian roop knight coppens mwoehlke,0,0,0,0
137639,langkamp,widgets\KarbonGradientEditWidget.cpp, ,rempt fmerz mkruisselbrink ,rempt fmerz girish zander mkruisselbrink staniek zachmann clicea villani sebsauer ,0,0,0,0,,,,,zander zachmann ingwa staniek boud jaham,0,0,0,0,ariya lueck tamponi coolo jpetso adrian roop knight coppens mwoehlke,0,0,0,0
137639,langkamp,tools\KarbonGradientEditStrategy.cpp,mkruisselbrink ,jaham mkruisselbrink zachmann ,rempt fmerz girish zander mkruisselbrink staniek zachmann clicea villani sebsauer ,0,0,0,0,,,,,zander zachmann ingwa staniek boud jaham,0,0,0,0,ariya lueck tamponi coolo jpetso adrian roop knight coppens mwoehlke,0,0,0,0
140603,mkruisselbrink,kspread\DependencyManager.cpp, ,nikolaus zander mlaurent ,rempt fmerz girish zander mkruisselbrink staniek zachmann clicea villani sebsauer ,0,0,1,1,,,,,zander zachmann ingwa staniek boud jaham,0,0,0,0,ereslibre roop schmeisser fela nlecureuil dang rempt ducroquet psn zachmann,0,0,0,0
140603,mkruisselbrink,kspread\OdfSavingContext.h,nikolaus ,nikolaus zander mlaurent ,rempt fmerz girish zander mkruisselbrink staniek zachmann clicea villani sebsauer ,0,0,1,1,,,,,zander zachmann ingwa staniek boud jaham,0,0,0,0,ereslibre roop schmeisser fela nlecureuil dang rempt ducroquet psn zachmann,0,0,0,0
140603,mkruisselbrink,commands\LinkCommand.cpp, ,zander sebsauer mkruisselbrink ducroquet girish ,rempt fmerz girish zander mkruisselbrink staniek zachmann clicea villani sebsauer ,0,1,1,1,,,,,zander zachmann ingwa staniek boud jaham,0,0,0,0,ereslibre roop schmeisser fela nlecureuil dang rempt ducroquet psn zachmann,0,0,0,0
140603,mkruisselbrink,kspread\Damages.cpp, ,nikolaus zander mlaurent ,rempt fmerz girish zander mkruisselbrink staniek zachmann clicea villani sebsauer ,0,0,1,1,,,,,zander zachmann ingwa staniek boud jaham,0,0,0,0,ereslibre roop schmeisser fela nlecureuil dang rempt ducroquet psn zachmann,0,0,0,0
140603,mkruisselbrink,kspread\RecalcManager.cpp, ,nikolaus zander mlaurent ,rempt fmerz girish zander mkruisselbrink staniek zachmann clicea villani sebsauer ,0,0,1,1,,,,,zander zachmann ingwa staniek boud jaham,0,0,0,0,ereslibre roop schmeisser fela nlecureuil dang rempt ducroquet psn zachmann,0,0,0,0
140603,mkruisselbrink,msword\tablehandler.cpp, , ,rempt fmerz girish zander mkruisselbrink staniek zachmann clicea villani sebsauer ,0,0,1,1,,,,,zander zachmann ingwa staniek boud jaham,0,0,0,0,ereslibre roop schmeisser fela nlecureuil dang rempt ducroquet psn zachmann,0,0,0,0
140603,mkruisselbrink,opencalc\opencalcstyleexport.h, , ,rempt fmerz girish zander mkruisselbrink staniek zachmann clicea villani sebsauer ,0,0,1,1,,,,,zander zachmann ingwa staniek boud jaham,0,0,0,0,ereslibre roop schmeisser fela nlecureuil dang rempt ducroquet psn zachmann,0,0,0,0
140603,mkruisselbrink,qpro\record.h, , ,rempt fmerz girish zander mkruisselbrink staniek zachmann clicea villani sebsauer ,0,0,1,1,,,,,zander zachmann ingwa staniek boud jaham,0,0,0,0,ereslibre roop schmeisser fela nlecureuil dang rempt ducroquet psn zachmann,0,0,0,0
140603,mkruisselbrink,ui\SheetView.cpp, ,rempt mkruisselbrink danders fmerz fyanardi zander ingwa langkamp berger bjacob ,rempt fmerz girish zander mkruisselbrink staniek zachmann clicea villani sebsauer ,0,1,1,1,,,,,zander zachmann ingwa staniek boud jaham,0,0,0,0,ereslibre roop schmeisser fela nlecureuil dang rempt ducroquet psn zachmann,0,0,0,0
140603,mkruisselbrink,commands\Undo.h, ,zander sebsauer mkruisselbrink ducroquet girish ,rempt fmerz girish zander mkruisselbrink staniek zachmann clicea villani sebsauer ,0,1,1,1,,,,,zander zachmann ingwa staniek boud jaham,0,0,0,0,ereslibre roop schmeisser fela nlecureuil dang rempt ducroquet psn zachmann,0,0,0,0
141536,berger,commands\kis_layer_commands.h, ,zander sebsauer mkruisselbrink ducroquet girish ,rempt fmerz girish zander mkruisselbrink staniek zachmann clicea villani sebsauer ,0,0,0,0,,,,,zander zachmann ingwa staniek boud jaham,0,0,0,0,apaku villani berger pino dmeltzer lukast roop johnflux jlayt fmerz,1,1,1,1
141536,berger,kritacore\krs_paint_layer.cpp, , ,rempt fmerz girish zander mkruisselbrink staniek zachmann clicea villani sebsauer ,0,0,0,0,,,,,zander zachmann ingwa staniek boud jaham,0,0,0,0,apaku villani berger pino dmeltzer lukast roop johnflux jlayt fmerz,1,1,1,1
141536,berger,kra\kis_kra_savexml_visitor.cpp, ,rempt ,rempt fmerz girish zander mkruisselbrink staniek zachmann clicea villani sebsauer ,0,0,0,0,,,,,zander zachmann ingwa staniek boud jaham,0,0,0,0,apaku villani berger pino dmeltzer lukast roop johnflux jlayt fmerz,1,1,1,1
141536,berger,commands\KarbonLayerReorderCommand.cpp, ,zander sebsauer mkruisselbrink ducroquet girish ,rempt fmerz girish zander mkruisselbrink staniek zachmann clicea villani sebsauer ,0,0,0,0,,,,,zander zachmann ingwa staniek boud jaham,0,0,0,0,apaku villani berger pino dmeltzer lukast roop johnflux jlayt fmerz,1,1,1,1
141536,berger,tests\kis_image_test.cpp, ,girish rempt zander sebsauer bjacob ducroquet zachmann berger sengels ,rempt fmerz girish zander mkruisselbrink staniek zachmann clicea villani sebsauer ,0,1,0,1,,,,,zander zachmann ingwa staniek boud jaham,0,0,0,0,apaku villani berger pino dmeltzer lukast roop johnflux jlayt fmerz,1,1,1,1
141536,berger,ui\kis_layer_manager.h, ,rempt mkruisselbrink danders fmerz fyanardi zander ingwa langkamp berger bjacob ,rempt fmerz girish zander mkruisselbrink staniek zachmann clicea villani sebsauer ,0,1,0,1,,,,,zander zachmann ingwa staniek boud jaham,0,0,0,0,apaku villani berger pino dmeltzer lukast roop johnflux jlayt fmerz,1,1,1,1
141536,berger,openrastertk\kis_open_raster_stack_save_visitor.cpp,rempt ,rempt ,rempt fmerz girish zander mkruisselbrink staniek zachmann clicea villani sebsauer ,0,0,0,0,,,,,zander zachmann ingwa staniek boud jaham,0,0,0,0,apaku villani berger pino dmeltzer lukast roop johnflux jlayt fmerz,1,1,1,1
141536,berger,image\kis_colorspace_convert_visitor.cpp, ,rempt bjacob mkruisselbrink sengels ,rempt fmerz girish zander mkruisselbrink staniek zachmann clicea villani sebsauer ,0,0,0,0,,,,,zander zachmann ingwa staniek boud jaham,0,0,0,0,apaku villani berger pino dmeltzer lukast roop johnflux jlayt fmerz,1,1,1,1
141536,berger,dockers\KarbonLayerDocker.cpp, ,zachmann ingwa fmerz zander clicea ,rempt fmerz girish zander mkruisselbrink staniek zachmann clicea villani sebsauer ,0,0,0,0,,,,,zander zachmann ingwa staniek boud jaham,0,0,0,0,apaku villani berger pino dmeltzer lukast roop johnflux jlayt fmerz,1,1,1,1
141536,berger,ui\kis_layermap_visitor.h, ,rempt mkruisselbrink danders fmerz fyanardi zander ingwa langkamp berger bjacob ,rempt fmerz girish zander mkruisselbrink staniek zachmann clicea villani sebsauer ,0,1,0,1,,,,,zander zachmann ingwa staniek boud jaham,0,0,0,0,apaku villani berger pino dmeltzer lukast roop johnflux jlayt fmerz,1,1,1,1
156754,langkamp,flake\KoImageData.cpp, ,staniek zachmann zander mkruisselbrink jaham clicea nikolaus fmerz ,rempt fmerz girish zander mkruisselbrink staniek zachmann clicea villani sebsauer ,0,0,0,0,,,,,zander zachmann ingwa staniek boud jaham,0,0,0,0,boemann pfau lukast rodda langkamp page ariya vkrause scripty ducroquet,1,1,1,1
156754,langkamp,commands\kis_image_commands.h, ,zander sebsauer mkruisselbrink ducroquet girish ,rempt fmerz girish zander mkruisselbrink staniek zachmann clicea villani sebsauer ,0,0,0,0,,,,,zander zachmann ingwa staniek boud jaham,0,0,0,0,boemann pfau lukast rodda langkamp page ariya vkrause scripty ducroquet,1,1,1,1
156754,langkamp,flake\KoImageCollection.cpp, ,staniek zachmann zander mkruisselbrink jaham clicea nikolaus fmerz ,rempt fmerz girish zander mkruisselbrink staniek zachmann clicea villani sebsauer ,0,0,0,0,,,,,zander zachmann ingwa staniek boud jaham,0,0,0,0,boemann pfau lukast rodda langkamp page ariya vkrause scripty ducroquet,1,1,1,1
156754,langkamp,tests\TestImageCollection.cpp, ,girish rempt zander sebsauer bjacob ducroquet zachmann berger sengels ,rempt fmerz girish zander mkruisselbrink staniek zachmann clicea villani sebsauer ,0,0,0,0,,,,,zander zachmann ingwa staniek boud jaham,0,0,0,0,boemann pfau lukast rodda langkamp page ariya vkrause scripty ducroquet,1,1,1,1
156754,langkamp,tests\kis_image_test.cpp, ,girish rempt zander sebsauer bjacob ducroquet zachmann berger sengels ,rempt fmerz girish zander mkruisselbrink staniek zachmann clicea villani sebsauer ,0,0,0,0,,,,,zander zachmann ingwa staniek boud jaham,0,0,0,0,boemann pfau lukast rodda langkamp page ariya vkrause scripty ducroquet,1,1,1,1
156754,langkamp,ui\kis_print_job.cpp, ,rempt mkruisselbrink danders fmerz fyanardi zander ingwa langkamp berger bjacob ,rempt fmerz girish zander mkruisselbrink staniek zachmann clicea villani sebsauer ,0,1,0,1,,,,,zander zachmann ingwa staniek boud jaham,0,0,0,0,boemann pfau lukast rodda langkamp page ariya vkrause scripty ducroquet,1,1,1,1
156754,langkamp,canvas\kis_prescaled_projection.cpp,mkruisselbrink ,rempt mkruisselbrink jsimon bjacob berger ,rempt fmerz girish zander mkruisselbrink staniek zachmann clicea villani sebsauer ,0,0,0,0,,,,,zander zachmann ingwa staniek boud jaham,0,0,0,0,boemann pfau lukast rodda langkamp page ariya vkrause scripty ducroquet,1,1,1,1
156754,langkamp,commands\kis_image_commands.h, ,zander sebsauer mkruisselbrink ducroquet girish ,rempt fmerz girish zander mkruisselbrink staniek zachmann clicea villani sebsauer ,0,0,0,0,,,,,zander zachmann ingwa staniek boud jaham,0,0,0,0,boemann pfau lukast rodda langkamp page ariya vkrause scripty ducroquet,1,1,1,1
156754,langkamp,flake\KoImageData_p.cpp, ,staniek zachmann zander mkruisselbrink jaham clicea nikolaus fmerz ,rempt fmerz girish zander mkruisselbrink staniek zachmann clicea villani sebsauer ,0,0,0,0,,,,,zander zachmann ingwa staniek boud jaham,0,0,0,0,boemann pfau lukast rodda langkamp page ariya vkrause scripty ducroquet,1,1,1,1
156754,langkamp,genericimageexport\genericimageexport.cpp, , ,rempt fmerz girish zander mkruisselbrink staniek zachmann clicea villani sebsauer ,0,0,0,0,,,,,zander zachmann ingwa staniek boud jaham,0,0,0,0,boemann pfau lukast rodda langkamp page ariya vkrause scripty ducroquet,1,1,1,1
162872,berger,pigment\KoColorSpaceAbstract.h,fmerz ,fmerz mkruisselbrink berger ,rempt fmerz girish zander mkruisselbrink staniek zachmann clicea villani sebsauer ,0,1,0,1,,,,,zander zachmann ingwa staniek boud jaham,0,0,0,0,mueller dmeltzer djarvie rodda jriddell hdhoang bcail tokoe bhards ducroquet,0,0,0,0
162872,berger,image\kis_node_filter_interface.h, ,rempt bjacob mkruisselbrink sengels ,rempt fmerz girish zander mkruisselbrink staniek zachmann clicea villani sebsauer ,0,0,0,0,,,,,zander zachmann ingwa staniek boud jaham,0,0,0,0,mueller dmeltzer djarvie rodda jriddell hdhoang bcail tokoe bhards ducroquet,0,0,0,0
162872,berger,main\KoFilterChain.cpp,fmerz ,fmerz staniek villani langkamp berger ,rempt fmerz girish zander mkruisselbrink staniek zachmann clicea villani sebsauer ,0,1,0,1,,,,,zander zachmann ingwa staniek boud jaham,0,0,0,0,mueller dmeltzer djarvie rodda jriddell hdhoang bcail tokoe bhards ducroquet,0,0,0,0
162872,berger,image\kis_filter_mask.cpp, ,rempt bjacob mkruisselbrink sengels ,rempt fmerz girish zander mkruisselbrink staniek zachmann clicea villani sebsauer ,0,0,0,0,,,,,zander zachmann ingwa staniek boud jaham,0,0,0,0,mueller dmeltzer djarvie rodda jriddell hdhoang bcail tokoe bhards ducroquet,0,0,0,0
162872,berger,metadata\kis_meta_data_filter_registry.h, ,rempt ,rempt fmerz girish zander mkruisselbrink staniek zachmann clicea villani sebsauer ,0,0,0,0,,,,,zander zachmann ingwa staniek boud jaham,0,0,0,0,mueller dmeltzer djarvie rodda jriddell hdhoang bcail tokoe bhards ducroquet,0,0,0,0
162872,berger,pigment\KoBasicHistogramProducers.cpp, ,fmerz mkruisselbrink berger ,rempt fmerz girish zander mkruisselbrink staniek zachmann clicea villani sebsauer ,0,1,0,1,,,,,zander zachmann ingwa staniek boud jaham,0,0,0,0,mueller dmeltzer djarvie rodda jriddell hdhoang bcail tokoe bhards ducroquet,0,0,0,0
162872,berger,mswrite\mswriteimport.h, , ,rempt fmerz girish zander mkruisselbrink staniek zachmann clicea villani sebsauer ,0,0,0,0,,,,,zander zachmann ingwa staniek boud jaham,0,0,0,0,mueller dmeltzer djarvie rodda jriddell hdhoang bcail tokoe bhards ducroquet,0,0,0,0
162872,berger,dialogs\kis_dlg_filter.cpp,rempt ,zander girish sebsauer rempt ducroquet mkruisselbrink zachmann ,rempt fmerz girish zander mkruisselbrink staniek zachmann clicea villani sebsauer ,0,0,0,0,,,,,zander zachmann ingwa staniek boud jaham,0,0,0,0,mueller dmeltzer djarvie rodda jriddell hdhoang bcail tokoe bhards ducroquet,0,0,0,0
162872,berger,pigment\KoBasicHistogramProducers.cpp, ,fmerz mkruisselbrink berger ,rempt fmerz girish zander mkruisselbrink staniek zachmann clicea villani sebsauer ,0,1,0,1,,,,,zander zachmann ingwa staniek boud jaham,0,0,0,0,mueller dmeltzer djarvie rodda jriddell hdhoang bcail tokoe bhards ducroquet,0,0,0,0
162872,berger,pigment\KoBasicHistogramProducers.cpp, ,fmerz mkruisselbrink berger ,rempt fmerz girish zander mkruisselbrink staniek zachmann clicea villani sebsauer ,0,1,0,1,,,,,zander zachmann ingwa staniek boud jaham,0,0,0,0,mueller dmeltzer djarvie rodda jriddell hdhoang bcail tokoe bhards ducroquet,0,0,0,0
164688,berger,guiutils\KoCopyController.cpp, ,sebsauer mkruisselbrink fmerz zander ,rempt fmerz girish zander mkruisselbrink staniek zachmann clicea villani sebsauer ,0,0,0,0,,,,,zander zachmann ingwa staniek boud jaham,0,0,0,0,dang chehrlic berger fmerz habacker lunakl jdandres ariya mlaurent astan,1,1,1,1
164688,berger,flake\KoToolSelection.cpp, ,staniek zachmann zander mkruisselbrink jaham clicea nikolaus fmerz ,rempt fmerz girish zander mkruisselbrink staniek zachmann clicea villani sebsauer ,0,0,0,0,,,,,zander zachmann ingwa staniek boud jaham,0,0,0,0,dang chehrlic berger fmerz habacker lunakl jdandres ariya mlaurent astan,1,1,1,1
164688,berger,defaulttool\DefaultTool.cpp,jaham ,jaham ,rempt fmerz girish zander mkruisselbrink staniek zachmann clicea villani sebsauer ,0,0,0,0,,,,,zander zachmann ingwa staniek boud jaham,0,0,0,0,dang chehrlic berger fmerz habacker lunakl jdandres ariya mlaurent astan,1,1,1,1
164688,berger,tool_curves\kis_tool_moutline.h, , ,rempt fmerz girish zander mkruisselbrink staniek zachmann clicea villani sebsauer ,0,0,0,0,,,,,zander zachmann ingwa staniek boud jaham,0,0,0,0,dang chehrlic berger fmerz habacker lunakl jdandres ariya mlaurent astan,1,1,1,1
164688,berger,tool\kis_selection_tool_helper.cpp, , ,rempt fmerz girish zander mkruisselbrink staniek zachmann clicea villani sebsauer ,0,0,0,0,,,,,zander zachmann ingwa staniek boud jaham,0,0,0,0,dang chehrlic berger fmerz habacker lunakl jdandres ariya mlaurent astan,1,1,1,1
164688,berger,selectiontools\kis_tool_select_eraser.h, ,mkruisselbrink ,rempt fmerz girish zander mkruisselbrink staniek zachmann clicea villani sebsauer ,0,0,0,0,,,,,zander zachmann ingwa staniek boud jaham,0,0,0,0,dang chehrlic berger fmerz habacker lunakl jdandres ariya mlaurent astan,1,1,1,1
164688,berger,tool_curves\kis_tool_example.h, , ,rempt fmerz girish zander mkruisselbrink staniek zachmann clicea villani sebsauer ,0,0,0,0,,,,,zander zachmann ingwa staniek boud jaham,0,0,0,0,dang chehrlic berger fmerz habacker lunakl jdandres ariya mlaurent astan,1,1,1,1
164688,berger,selectiontools\kis_tool_select_polygonal.h, ,mkruisselbrink ,rempt fmerz girish zander mkruisselbrink staniek zachmann clicea villani sebsauer ,0,0,0,0,,,,,zander zachmann ingwa staniek boud jaham,0,0,0,0,dang chehrlic berger fmerz habacker lunakl jdandres ariya mlaurent astan,1,1,1,1
164688,berger,selectiontools\kis_tool_select_contiguous.h, ,mkruisselbrink ,rempt fmerz girish zander mkruisselbrink staniek zachmann clicea villani sebsauer ,0,0,0,0,,,,,zander zachmann ingwa staniek boud jaham,0,0,0,0,dang chehrlic berger fmerz habacker lunakl jdandres ariya mlaurent astan,1,1,1,1
164688,berger,selectiontools\kis_tool_select_outline.h, ,mkruisselbrink ,rempt fmerz girish zander mkruisselbrink staniek zachmann clicea villani sebsauer ,0,0,0,0,,,,,zander zachmann ingwa staniek boud jaham,0,0,0,0,dang chehrlic berger fmerz habacker lunakl jdandres ariya mlaurent astan,1,1,1,1
166966,langkamp,textshape\ChangeTracker.cpp, ,fmerz girish zander mkruisselbrink zachmann sebsauer ,rempt fmerz girish zander mkruisselbrink staniek zachmann clicea villani sebsauer ,0,0,0,0,,,,,zander zachmann ingwa staniek boud jaham,0,0,0,0,danders sebsauer apaku djarvie stepin rempt staniek chehrlic annma jriddell,0,0,0,0
166966,langkamp,kotext\KoVariable.cpp, ,girish zander sebsauer mkruisselbrink staniek zachmann fmerz ,rempt fmerz girish zander mkruisselbrink staniek zachmann clicea villani sebsauer ,0,0,0,0,,,,,zander zachmann ingwa staniek boud jaham,0,0,0,0,danders sebsauer apaku djarvie stepin rempt staniek chehrlic annma jriddell,0,0,0,0
166966,langkamp,tests\documentstructuretest.cpp, ,girish rempt zander sebsauer bjacob ducroquet zachmann berger sengels ,rempt fmerz girish zander mkruisselbrink staniek zachmann clicea villani sebsauer ,0,0,0,0,,,,,zander zachmann ingwa staniek boud jaham,0,0,0,0,danders sebsauer apaku djarvie stepin rempt staniek chehrlic annma jriddell,0,0,0,0
166966,langkamp,import\kwordfilter.cpp, ,ingwa ,rempt fmerz girish zander mkruisselbrink staniek zachmann clicea villani sebsauer ,0,0,0,0,,,,,zander zachmann ingwa staniek boud jaham,0,0,0,0,danders sebsauer apaku djarvie stepin rempt staniek chehrlic annma jriddell,0,0,0,0
166966,langkamp,libppt\powerpoint.cpp, , ,rempt fmerz girish zander mkruisselbrink staniek zachmann clicea villani sebsauer ,0,0,0,0,,,,,zander zachmann ingwa staniek boud jaham,0,0,0,0,danders sebsauer apaku djarvie stepin rempt staniek chehrlic annma jriddell,0,0,0,0
166966,langkamp,kernel\kptcommand.cpp, ,fmerz ,rempt fmerz girish zander mkruisselbrink staniek zachmann clicea villani sebsauer ,0,0,0,0,,,,,zander zachmann ingwa staniek boud jaham,0,0,0,0,danders sebsauer apaku djarvie stepin rempt staniek chehrlic annma jriddell,0,0,0,0
166966,langkamp,kernel\kptcommand.cpp, ,fmerz ,rempt fmerz girish zander mkruisselbrink staniek zachmann clicea villani sebsauer ,0,0,0,0,,,,,zander zachmann ingwa staniek boud jaham,0,0,0,0,danders sebsauer apaku djarvie stepin rempt staniek chehrlic annma jriddell,0,0,0,0
166966,langkamp,msword\mswordimport.cpp, , ,rempt fmerz girish zander mkruisselbrink staniek zachmann clicea villani sebsauer ,0,0,0,0,,,,,zander zachmann ingwa staniek boud jaham,0,0,0,0,danders sebsauer apaku djarvie stepin rempt staniek chehrlic annma jriddell,0,0,0,0
166966,langkamp,kernel\kptdocuments.cpp, ,fmerz ,rempt fmerz girish zander mkruisselbrink staniek zachmann clicea villani sebsauer ,0,0,0,0,,,,,zander zachmann ingwa staniek boud jaham,0,0,0,0,danders sebsauer apaku djarvie stepin rempt staniek chehrlic annma jriddell,0,0,0,0
166966,langkamp,kotext\KoTextDocument.cpp,girish ,girish zander sebsauer mkruisselbrink staniek zachmann fmerz ,rempt fmerz girish zander mkruisselbrink staniek zachmann clicea villani sebsauer ,0,0,0,0,,,,,zander zachmann ingwa staniek boud jaham,0,0,0,0,danders sebsauer apaku djarvie stepin rempt staniek chehrlic annma jriddell,0,0,0,0
167009,zander,tests\TestBasicLayout.cpp,sebsauer ducroquet ,girish rempt zander sebsauer bjacob ducroquet zachmann berger sengels ,rempt fmerz girish zander mkruisselbrink staniek zachmann clicea villani sebsauer ,0,1,1,1,,,,,zander zachmann ingwa staniek boud jaham,1,1,1,1,mfranz beaulen aseigo fela rempt menard coolo aacid dang dmeltzer,0,0,0,0
167009,zander,part\KWPageTextInfo.cpp, ,zander zachmann ducroquet sebsauer fyanardi mkruisselbrink ingwa nikolaus girish fmerz ,rempt fmerz girish zander mkruisselbrink staniek zachmann clicea villani sebsauer ,0,1,1,1,,,,,zander zachmann ingwa staniek boud jaham,1,1,1,1,mfranz beaulen aseigo fela rempt menard coolo aacid dang dmeltzer,0,0,0,0
167009,zander,part\KWPageManager.cpp,zander sebsauer ducroquet ,zander zachmann ducroquet sebsauer fyanardi mkruisselbrink ingwa nikolaus girish fmerz ,rempt fmerz girish zander mkruisselbrink staniek zachmann clicea villani sebsauer ,1,1,1,1,,,,,zander zachmann ingwa staniek boud jaham,1,1,1,1,mfranz beaulen aseigo fela rempt menard coolo aacid dang dmeltzer,0,0,0,0
167009,zander,part\KWPageManager.cpp,zander sebsauer ducroquet ,zander zachmann ducroquet sebsauer fyanardi mkruisselbrink ingwa nikolaus girish fmerz ,rempt fmerz girish zander mkruisselbrink staniek zachmann clicea villani sebsauer ,1,1,1,1,,,,,zander zachmann ingwa staniek boud jaham,1,1,1,1,mfranz beaulen aseigo fela rempt menard coolo aacid dang dmeltzer,0,0,0,0
167009,zander,tests\TestPageManager.cpp,sebsauer ducroquet ,girish rempt zander sebsauer bjacob ducroquet zachmann berger sengels ,rempt fmerz girish zander mkruisselbrink staniek zachmann clicea villani sebsauer ,0,1,1,1,,,,,zander zachmann ingwa staniek boud jaham,1,1,1,1,mfranz beaulen aseigo fela rempt menard coolo aacid dang dmeltzer,0,0,0,0
167009,zander,tests\KWPageManagerTester.cpp, ,girish rempt zander sebsauer bjacob ducroquet zachmann berger sengels ,rempt fmerz girish zander mkruisselbrink staniek zachmann clicea villani sebsauer ,0,1,1,1,,,,,zander zachmann ingwa staniek boud jaham,1,1,1,1,mfranz beaulen aseigo fela rempt menard coolo aacid dang dmeltzer,0,0,0,0
167009,zander,commands\KWPageInsertCommand.cpp,zander sebsauer ducroquet ,zander sebsauer mkruisselbrink ducroquet girish ,rempt fmerz girish zander mkruisselbrink staniek zachmann clicea villani sebsauer ,1,1,1,1,,,,,zander zachmann ingwa staniek boud jaham,1,1,1,1,mfranz beaulen aseigo fela rempt menard coolo aacid dang dmeltzer,0,0,0,0
167009,zander,dialogs\KWPageSettingsDialog.cpp,zander sebsauer ducroquet ,zander girish sebsauer rempt ducroquet mkruisselbrink zachmann ,rempt fmerz girish zander mkruisselbrink staniek zachmann clicea villani sebsauer ,1,1,1,1,,,,,zander zachmann ingwa staniek boud jaham,1,1,1,1,mfranz beaulen aseigo fela rempt menard coolo aacid dang dmeltzer,0,0,0,0
167009,zander,part\KPrMasterPage.cpp, ,zander zachmann ducroquet sebsauer fyanardi mkruisselbrink ingwa nikolaus girish fmerz ,rempt fmerz girish zander mkruisselbrink staniek zachmann clicea villani sebsauer ,0,1,1,1,,,,,zander zachmann ingwa staniek boud jaham,1,1,1,1,mfranz beaulen aseigo fela rempt menard coolo aacid dang dmeltzer,0,0,0,0
167009,zander,commands\KPrPageEffectSetCommand.cpp, ,zander sebsauer mkruisselbrink ducroquet girish ,rempt fmerz girish zander mkruisselbrink staniek zachmann clicea villani sebsauer ,0,1,1,1,,,,,zander zachmann ingwa staniek boud jaham,1,1,1,1,mfranz beaulen aseigo fela rempt menard coolo aacid dang dmeltzer,0,0,0,0
167247,langkamp,resources\KoResourceServerObserver.h, ,fmerz ,rempt fmerz girish zander mkruisselbrink staniek zachmann clicea villani sebsauer ,0,0,0,0,,,,,zander zachmann ingwa staniek boud jaham,0,0,0,0,tokoe astan mwoehlke rempt tburdick buis sharan sengels clicea bhards,0,0,0,0
167247,langkamp,resources\KoResourceServerAdapter.h, ,fmerz ,rempt fmerz girish zander mkruisselbrink staniek zachmann clicea villani sebsauer ,0,0,0,0,,,,,zander zachmann ingwa staniek boud jaham,0,0,0,0,tokoe astan mwoehlke rempt tburdick buis sharan sengels clicea bhards,0,0,0,0
167247,langkamp,resources\KoResourceServer.h,fmerz ,fmerz ,rempt fmerz girish zander mkruisselbrink staniek zachmann clicea villani sebsauer ,0,0,0,0,,,,,zander zachmann ingwa staniek boud jaham,0,0,0,0,tokoe astan mwoehlke rempt tburdick buis sharan sengels clicea bhards,0,0,0,0
167247,langkamp,resources\KoResourceServerAdapter.cpp, ,fmerz ,rempt fmerz girish zander mkruisselbrink staniek zachmann clicea villani sebsauer ,0,0,0,0,,,,,zander zachmann ingwa staniek boud jaham,0,0,0,0,tokoe astan mwoehlke rempt tburdick buis sharan sengels clicea bhards,0,0,0,0
167247,langkamp,kernel\kptcommand.cpp, ,fmerz ,rempt fmerz girish zander mkruisselbrink staniek zachmann clicea villani sebsauer ,0,0,0,0,,,,,zander zachmann ingwa staniek boud jaham,0,0,0,0,tokoe astan mwoehlke rempt tburdick buis sharan sengels clicea bhards,0,0,0,0
167247,langkamp,kernel\kptcommand.cpp, ,fmerz ,rempt fmerz girish zander mkruisselbrink staniek zachmann clicea villani sebsauer ,0,0,0,0,,,,,zander zachmann ingwa staniek boud jaham,0,0,0,0,tokoe astan mwoehlke rempt tburdick buis sharan sengels clicea bhards,0,0,0,0
167247,langkamp,kernel\kptcommand.cpp, ,fmerz ,rempt fmerz girish zander mkruisselbrink staniek zachmann clicea villani sebsauer ,0,0,0,0,,,,,zander zachmann ingwa staniek boud jaham,0,0,0,0,tokoe astan mwoehlke rempt tburdick buis sharan sengels clicea bhards,0,0,0,0
167247,langkamp,kernel\kptresource.cpp, ,fmerz ,rempt fmerz girish zander mkruisselbrink staniek zachmann clicea villani sebsauer ,0,0,0,0,,,,,zander zachmann ingwa staniek boud jaham,0,0,0,0,tokoe astan mwoehlke rempt tburdick buis sharan sengels clicea bhards,0,0,0,0
167247,langkamp,kernel\kptcommand.cpp, ,fmerz ,rempt fmerz girish zander mkruisselbrink staniek zachmann clicea villani sebsauer ,0,0,0,0,,,,,zander zachmann ingwa staniek boud jaham,0,0,0,0,tokoe astan mwoehlke rempt tburdick buis sharan sengels clicea bhards,0,0,0,0
167247,langkamp,kernel\kptcommand.cpp, ,fmerz ,rempt fmerz girish zander mkruisselbrink staniek zachmann clicea villani sebsauer ,0,0,0,0,,,,,zander zachmann ingwa staniek boud jaham,0,0,0,0,tokoe astan mwoehlke rempt tburdick buis sharan sengels clicea bhards,0,0,0,0
169696,jaham,tests\TestShapeReorderCommand.cpp, ,girish rempt zander sebsauer bjacob ducroquet zachmann berger sengels ,rempt fmerz girish zander mkruisselbrink staniek zachmann clicea villani sebsauer ,0,0,0,0,,,,,zander zachmann ingwa staniek boud jaham,1,1,1,1,sengels lukast zachmann anagl fmerz psn rodda jlayt mlaurent adrian,0,0,0,0
169696,jaham,commands\KoShapeReorderCommand.cpp, ,zander sebsauer mkruisselbrink ducroquet girish ,rempt fmerz girish zander mkruisselbrink staniek zachmann clicea villani sebsauer ,0,0,0,0,,,,,zander zachmann ingwa staniek boud jaham,1,1,1,1,sengels lukast zachmann anagl fmerz psn rodda jlayt mlaurent adrian,0,0,0,0
169696,jaham,commands\KoShapeShearCommand.cpp, ,zander sebsauer mkruisselbrink ducroquet girish ,rempt fmerz girish zander mkruisselbrink staniek zachmann clicea villani sebsauer ,0,0,0,0,,,,,zander zachmann ingwa staniek boud jaham,1,1,1,1,sengels lukast zachmann anagl fmerz psn rodda jlayt mlaurent adrian,0,0,0,0
169696,jaham,tests\MockShapes.h, ,girish rempt zander sebsauer bjacob ducroquet zachmann berger sengels ,rempt fmerz girish zander mkruisselbrink staniek zachmann clicea villani sebsauer ,0,0,0,0,,,,,zander zachmann ingwa staniek boud jaham,1,1,1,1,sengels lukast zachmann anagl fmerz psn rodda jlayt mlaurent adrian,0,0,0,0
169696,jaham,commands\KoShapeLockCommand.cpp, ,zander sebsauer mkruisselbrink ducroquet girish ,rempt fmerz girish zander mkruisselbrink staniek zachmann clicea villani sebsauer ,0,0,0,0,,,,,zander zachmann ingwa staniek boud jaham,1,1,1,1,sengels lukast zachmann anagl fmerz psn rodda jlayt mlaurent adrian,0,0,0,0
169696,jaham,commands\KoShapeMoveCommand.cpp, ,zander sebsauer mkruisselbrink ducroquet girish ,rempt fmerz girish zander mkruisselbrink staniek zachmann clicea villani sebsauer ,0,0,0,0,,,,,zander zachmann ingwa staniek boud jaham,1,1,1,1,sengels lukast zachmann anagl fmerz psn rodda jlayt mlaurent adrian,0,0,0,0
169696,jaham,commands\KoShapeKeepAspectRatioCommand.cpp, ,zander sebsauer mkruisselbrink ducroquet girish ,rempt fmerz girish zander mkruisselbrink staniek zachmann clicea villani sebsauer ,0,0,0,0,,,,,zander zachmann ingwa staniek boud jaham,1,1,1,1,sengels lukast zachmann anagl fmerz psn rodda jlayt mlaurent adrian,0,0,0,0
169696,jaham,commands\KoPADisplayMasterShapesCommand.cpp, ,zander sebsauer mkruisselbrink ducroquet girish ,rempt fmerz girish zander mkruisselbrink staniek zachmann clicea villani sebsauer ,0,0,0,0,,,,,zander zachmann ingwa staniek boud jaham,1,1,1,1,sengels lukast zachmann anagl fmerz psn rodda jlayt mlaurent adrian,0,0,0,0
169696,jaham,tests\TestSelection.cpp,zander ,girish rempt zander sebsauer bjacob ducroquet zachmann berger sengels ,rempt fmerz girish zander mkruisselbrink staniek zachmann clicea villani sebsauer ,0,0,0,0,,,,,zander zachmann ingwa staniek boud jaham,1,1,1,1,sengels lukast zachmann anagl fmerz psn rodda jlayt mlaurent adrian,0,0,0,0
169696,jaham,commands\KoPathBaseCommand.cpp, ,zander sebsauer mkruisselbrink ducroquet girish ,rempt fmerz girish zander mkruisselbrink staniek zachmann clicea villani sebsauer ,0,0,0,0,,,,,zander zachmann ingwa staniek boud jaham,1,1,1,1,sengels lukast zachmann anagl fmerz psn rodda jlayt mlaurent adrian,0,0,0,0
171969,jaham,flake\ShapeDeleter_p.cpp, ,staniek zachmann zander mkruisselbrink jaham clicea nikolaus fmerz ,rempt fmerz girish zander mkruisselbrink staniek zachmann clicea villani sebsauer ,0,1,0,1,,,,,zander zachmann ingwa staniek boud jaham,1,1,1,1,roop pletourn fmerz sebsauer jaham ereslibre bcail tokoe menard psn,1,1,1,1
171969,jaham,shape\KritaShapeFactory.cpp, ,jsimon ingwa zachmann ,rempt fmerz girish zander mkruisselbrink staniek zachmann clicea villani sebsauer ,0,0,0,0,,,,,zander zachmann ingwa staniek boud jaham,1,1,1,1,roop pletourn fmerz sebsauer jaham ereslibre bcail tokoe menard psn,1,1,1,1
171969,jaham,flake\KoShapeManager.cpp, , ,rempt fmerz girish zander mkruisselbrink staniek zachmann clicea villani sebsauer ,0,0,0,0,,,,,zander zachmann ingwa staniek boud jaham,1,1,1,1,roop pletourn fmerz sebsauer jaham ereslibre bcail tokoe menard psn,1,1,1,1
171969,jaham,shapeselector\Canvas.cpp, ,zander mkruisselbrink ,rempt fmerz girish zander mkruisselbrink staniek zachmann clicea villani sebsauer ,0,0,0,0,,,,,zander zachmann ingwa staniek boud jaham,1,1,1,1,roop pletourn fmerz sebsauer jaham ereslibre bcail tokoe menard psn,1,1,1,1
171969,jaham,divineProportion\Intro.cpp, , ,rempt fmerz girish zander mkruisselbrink staniek zachmann clicea villani sebsauer ,0,0,0,0,,,,,zander zachmann ingwa staniek boud jaham,1,1,1,1,roop pletourn fmerz sebsauer jaham ereslibre bcail tokoe menard psn,1,1,1,1
171969,jaham,flake\KoShapeManager.cpp, ,staniek zachmann zander mkruisselbrink jaham clicea nikolaus fmerz ,rempt fmerz girish zander mkruisselbrink staniek zachmann clicea villani sebsauer ,0,1,0,1,,,,,zander zachmann ingwa staniek boud jaham,1,1,1,1,roop pletourn fmerz sebsauer jaham ereslibre bcail tokoe menard psn,1,1,1,1
171969,jaham,shapeproperties\ShapePropertiesDocker.cpp, , ,rempt fmerz girish zander mkruisselbrink staniek zachmann clicea villani sebsauer ,0,0,0,0,,,,,zander zachmann ingwa staniek boud jaham,1,1,1,1,roop pletourn fmerz sebsauer jaham ereslibre bcail tokoe menard psn,1,1,1,1
171969,jaham,commands\KoShapeCreateCommand.cpp, ,zander sebsauer mkruisselbrink ducroquet girish ,rempt fmerz girish zander mkruisselbrink staniek zachmann clicea villani sebsauer ,0,0,0,0,,,,,zander zachmann ingwa staniek boud jaham,1,1,1,1,roop pletourn fmerz sebsauer jaham ereslibre bcail tokoe menard psn,1,1,1,1
171969,jaham,flake\KoShapeControllerBase.h, ,staniek zachmann zander mkruisselbrink jaham clicea nikolaus fmerz ,rempt fmerz girish zander mkruisselbrink staniek zachmann clicea villani sebsauer ,0,1,0,1,,,,,zander zachmann ingwa staniek boud jaham,1,1,1,1,roop pletourn fmerz sebsauer jaham ereslibre bcail tokoe menard psn,1,1,1,1
171969,jaham,divineProportion\DivineProportionShapeFactory.cpp, , ,rempt fmerz girish zander mkruisselbrink staniek zachmann clicea villani sebsauer ,0,0,0,0,,,,,zander zachmann ingwa staniek boud jaham,1,1,1,1,roop pletourn fmerz sebsauer jaham ereslibre bcail tokoe menard psn,1,1,1,1
173354,zachmann,part\KWPageTextInfo.cpp, ,zander zachmann ducroquet sebsauer fyanardi mkruisselbrink ingwa nikolaus girish fmerz ,rempt fmerz girish zander mkruisselbrink staniek zachmann clicea villani sebsauer ,0,1,1,1,,,,,zander zachmann ingwa staniek boud jaham,1,1,1,1,simon abeaumont bloos buis montanaro habacker berger krake lueck fmerz,0,0,0,0
173354,zachmann,part\KWPageManager.cpp,zander sebsauer ducroquet ,zander zachmann ducroquet sebsauer fyanardi mkruisselbrink ingwa nikolaus girish fmerz ,rempt fmerz girish zander mkruisselbrink staniek zachmann clicea villani sebsauer ,0,1,1,1,,,,,zander zachmann ingwa staniek boud jaham,1,1,1,1,simon abeaumont bloos buis montanaro habacker berger krake lueck fmerz,0,0,0,0
173354,zachmann,part\KWPageManager.cpp,zander sebsauer ducroquet ,zander zachmann ducroquet sebsauer fyanardi mkruisselbrink ingwa nikolaus girish fmerz ,rempt fmerz girish zander mkruisselbrink staniek zachmann clicea villani sebsauer ,0,1,1,1,,,,,zander zachmann ingwa staniek boud jaham,1,1,1,1,simon abeaumont bloos buis montanaro habacker berger krake lueck fmerz,0,0,0,0
173354,zachmann,tests\TestBasicLayout.cpp,sebsauer ducroquet ,girish rempt zander sebsauer bjacob ducroquet zachmann berger sengels ,rempt fmerz girish zander mkruisselbrink staniek zachmann clicea villani sebsauer ,0,1,1,1,,,,,zander zachmann ingwa staniek boud jaham,1,1,1,1,simon abeaumont bloos buis montanaro habacker berger krake lueck fmerz,0,0,0,0
173354,zachmann,tests\TestPageManager.cpp,sebsauer ducroquet ,girish rempt zander sebsauer bjacob ducroquet zachmann berger sengels ,rempt fmerz girish zander mkruisselbrink staniek zachmann clicea villani sebsauer ,0,1,1,1,,,,,zander zachmann ingwa staniek boud jaham,1,1,1,1,simon abeaumont bloos buis montanaro habacker berger krake lueck fmerz,0,0,0,0
173354,zachmann,tests\KWPageManagerTester.cpp, ,girish rempt zander sebsauer bjacob ducroquet zachmann berger sengels ,rempt fmerz girish zander mkruisselbrink staniek zachmann clicea villani sebsauer ,0,1,1,1,,,,,zander zachmann ingwa staniek boud jaham,1,1,1,1,simon abeaumont bloos buis montanaro habacker berger krake lueck fmerz,0,0,0,0
173354,zachmann,part\KPrMasterPage.cpp, ,zander zachmann ducroquet sebsauer fyanardi mkruisselbrink ingwa nikolaus girish fmerz ,rempt fmerz girish zander mkruisselbrink staniek zachmann clicea villani sebsauer ,0,1,1,1,,,,,zander zachmann ingwa staniek boud jaham,1,1,1,1,simon abeaumont bloos buis montanaro habacker berger krake lueck fmerz,0,0,0,0
173354,zachmann,commands\KWPageInsertCommand.cpp,zander sebsauer ducroquet ,zander sebsauer mkruisselbrink ducroquet girish ,rempt fmerz girish zander mkruisselbrink staniek zachmann clicea villani sebsauer ,0,0,1,1,,,,,zander zachmann ingwa staniek boud jaham,1,1,1,1,simon abeaumont bloos buis montanaro habacker berger krake lueck fmerz,0,0,0,0
173354,zachmann,commands\KPrPageEffectSetCommand.cpp, ,zander sebsauer mkruisselbrink ducroquet girish ,rempt fmerz girish zander mkruisselbrink staniek zachmann clicea villani sebsauer ,0,0,1,1,,,,,zander zachmann ingwa staniek boud jaham,1,1,1,1,simon abeaumont bloos buis montanaro habacker berger krake lueck fmerz,0,0,0,0
173354,zachmann,dialogs\KWPageSettingsDialog.cpp,zander sebsauer ducroquet ,zander girish sebsauer rempt ducroquet mkruisselbrink zachmann ,rempt fmerz girish zander mkruisselbrink staniek zachmann clicea villani sebsauer ,0,1,1,1,,,,,zander zachmann ingwa staniek boud jaham,1,1,1,1,simon abeaumont bloos buis montanaro habacker berger krake lueck fmerz,0,0,0,0
173630,zander,pagelayout\KPrPageLayouts.cpp,zachmann ,zachmann fmerz boemann dfaure ,rempt fmerz girish zander mkruisselbrink staniek zachmann clicea villani sebsauer ,0,0,1,1,,,,,zander zachmann ingwa staniek boud jaham,1,1,1,1,mueller beaulen vkrause ingwa mfranz ereslibre ossi berger piggz mwoehlke,0,0,0,0
173630,zander,main\KoPageFormat.cpp, ,fmerz staniek villani langkamp berger ,rempt fmerz girish zander mkruisselbrink staniek zachmann clicea villani sebsauer ,0,0,1,1,,,,,zander zachmann ingwa staniek boud jaham,1,1,1,1,mueller beaulen vkrause ingwa mfranz ereslibre ossi berger piggz mwoehlke,0,0,0,0
173630,zander,pagelayout\KPrPageLayoutSharedSavingData.cpp,zachmann ,zachmann fmerz boemann dfaure ,rempt fmerz girish zander mkruisselbrink staniek zachmann clicea villani sebsauer ,0,0,1,1,,,,,zander zachmann ingwa staniek boud jaham,1,1,1,1,mueller beaulen vkrause ingwa mfranz ereslibre ossi berger piggz mwoehlke,0,0,0,0
173630,zander,tests\TestBasicLayout.cpp,sebsauer ducroquet ,girish rempt zander sebsauer bjacob ducroquet zachmann berger sengels ,rempt fmerz girish zander mkruisselbrink staniek zachmann clicea villani sebsauer ,0,1,1,1,,,,,zander zachmann ingwa staniek boud jaham,1,1,1,1,mueller beaulen vkrause ingwa mfranz ereslibre ossi berger piggz mwoehlke,0,0,0,0
173630,zander,pagelayout\KPrPageLayouts.cpp,zachmann ,zachmann fmerz boemann dfaure ,rempt fmerz girish zander mkruisselbrink staniek zachmann clicea villani sebsauer ,0,0,1,1,,,,,zander zachmann ingwa staniek boud jaham,1,1,1,1,mueller beaulen vkrause ingwa mfranz ereslibre ossi berger piggz mwoehlke,0,0,0,0
173630,zander,guiutils\KoPageLayoutDialog.cpp,sebsauer ,sebsauer mkruisselbrink fmerz zander ,rempt fmerz girish zander mkruisselbrink staniek zachmann clicea villani sebsauer ,0,1,1,1,,,,,zander zachmann ingwa staniek boud jaham,1,1,1,1,mueller beaulen vkrause ingwa mfranz ereslibre ossi berger piggz mwoehlke,0,0,0,0
173630,zander,main\KoPageLayout.cpp, ,fmerz staniek villani langkamp berger ,rempt fmerz girish zander mkruisselbrink staniek zachmann clicea villani sebsauer ,0,0,1,1,,,,,zander zachmann ingwa staniek boud jaham,1,1,1,1,mueller beaulen vkrause ingwa mfranz ereslibre ossi berger piggz mwoehlke,0,0,0,0
173630,zander,tests\TestPageManager.cpp,sebsauer ducroquet ,girish rempt zander sebsauer bjacob ducroquet zachmann berger sengels ,rempt fmerz girish zander mkruisselbrink staniek zachmann clicea villani sebsauer ,0,1,1,1,,,,,zander zachmann ingwa staniek boud jaham,1,1,1,1,mueller beaulen vkrause ingwa mfranz ereslibre ossi berger piggz mwoehlke,0,0,0,0
173630,zander,guiutils\KoPageLayoutWidget.cpp,mkruisselbrink sebsauer ,sebsauer mkruisselbrink fmerz zander ,rempt fmerz girish zander mkruisselbrink staniek zachmann clicea villani sebsauer ,0,1,1,1,,,,,zander zachmann ingwa staniek boud jaham,1,1,1,1,mueller beaulen vkrause ingwa mfranz ereslibre ossi berger piggz mwoehlke,0,0,0,0
173630,zander,commands\KWPagePropertiesCommand.cpp,zander mkruisselbrink ducroquet ,zander sebsauer mkruisselbrink ducroquet girish ,rempt fmerz girish zander mkruisselbrink staniek zachmann clicea villani sebsauer ,1,1,1,1,,,,,zander zachmann ingwa staniek boud jaham,1,1,1,1,mueller beaulen vkrause ingwa mfranz ereslibre ossi berger piggz mwoehlke,0,0,0,0
173882,jaham,guiutils\KoUniColorChooser.cpp, ,sebsauer mkruisselbrink fmerz zander ,rempt fmerz girish zander mkruisselbrink staniek zachmann clicea villani sebsauer ,0,0,0,0,,,,,zander zachmann ingwa staniek boud jaham,1,1,1,1,jsimon dang chehrlic dfaure anagl sitter ilic fmerz menard quique,0,0,0,0
173882,jaham,shape\ChartConfigWidget.cpp, ,jsimon ingwa zachmann ,rempt fmerz girish zander mkruisselbrink staniek zachmann clicea villani sebsauer ,0,0,0,0,,,,,zander zachmann ingwa staniek boud jaham,1,1,1,1,jsimon dang chehrlic dfaure anagl sitter ilic fmerz menard quique,0,0,0,0
173882,jaham,chart\ChartDialog.h, ,nikolaus ,rempt fmerz girish zander mkruisselbrink staniek zachmann clicea villani sebsauer ,0,0,0,0,,,,,zander zachmann ingwa staniek boud jaham,1,1,1,1,jsimon dang chehrlic dfaure anagl sitter ilic fmerz menard quique,0,0,0,0
173882,jaham,dialogs\GoalSeekDialog.cpp, ,zander girish sebsauer rempt ducroquet mkruisselbrink zachmann ,rempt fmerz girish zander mkruisselbrink staniek zachmann clicea villani sebsauer ,0,0,0,0,,,,,zander zachmann ingwa staniek boud jaham,1,1,1,1,jsimon dang chehrlic dfaure anagl sitter ilic fmerz menard quique,0,0,0,0
173882,jaham,tests\TestStatisticalFunctions.cpp, ,girish rempt zander sebsauer bjacob ducroquet zachmann berger sengels ,rempt fmerz girish zander mkruisselbrink staniek zachmann clicea villani sebsauer ,0,0,0,0,,,,,zander zachmann ingwa staniek boud jaham,1,1,1,1,jsimon dang chehrlic dfaure anagl sitter ilic fmerz menard quique,0,0,0,0
173882,jaham,guiutils\KoEditColorSetDialog.cpp, ,sebsauer mkruisselbrink fmerz zander ,rempt fmerz girish zander mkruisselbrink staniek zachmann clicea villani sebsauer ,0,0,0,0,,,,,zander zachmann ingwa staniek boud jaham,1,1,1,1,jsimon dang chehrlic dfaure anagl sitter ilic fmerz menard quique,0,0,0,0
173882,jaham,ui\kptstandardworktimedialog.cpp, ,rempt mkruisselbrink danders fmerz fyanardi zander ingwa langkamp berger bjacob ,rempt fmerz girish zander mkruisselbrink staniek zachmann clicea villani sebsauer ,0,0,0,0,,,,,zander zachmann ingwa staniek boud jaham,1,1,1,1,jsimon dang chehrlic dfaure anagl sitter ilic fmerz menard quique,0,0,0,0
173882,jaham,guiutils\KoEditColorSetDialog.cpp, ,sebsauer mkruisselbrink fmerz zander ,rempt fmerz girish zander mkruisselbrink staniek zachmann clicea villani sebsauer ,0,0,0,0,,,,,zander zachmann ingwa staniek boud jaham,1,1,1,1,jsimon dang chehrlic dfaure anagl sitter ilic fmerz menard quique,0,0,0,0
173882,jaham,shape\ChartTool.cpp, ,jsimon ingwa zachmann ,rempt fmerz girish zander mkruisselbrink staniek zachmann clicea villani sebsauer ,0,0,0,0,,,,,zander zachmann ingwa staniek boud jaham,1,1,1,1,jsimon dang chehrlic dfaure anagl sitter ilic fmerz menard quique,0,0,0,0
173882,jaham,refinepath\RefinePathPlugin.cpp, , ,rempt fmerz girish zander mkruisselbrink staniek zachmann clicea villani sebsauer ,0,0,0,0,,,,,zander zachmann ingwa staniek boud jaham,1,1,1,1,jsimon dang chehrlic dfaure anagl sitter ilic fmerz menard quique,0,0,0,0
176278,berger,flake\KoImageData.cpp, ,staniek zachmann zander mkruisselbrink jaham clicea nikolaus fmerz ,rempt fmerz girish zander mkruisselbrink staniek zachmann clicea villani sebsauer ,0,0,0,0,,,,,zander zachmann ingwa staniek boud jaham,0,0,0,0,mwoehlke fela jaham dmeltzer ducroquet djarvie boemann lukast dang piggz,0,0,0,0
176278,berger,commands\kis_image_commands.h, ,zander sebsauer mkruisselbrink ducroquet girish ,rempt fmerz girish zander mkruisselbrink staniek zachmann clicea villani sebsauer ,0,0,0,0,,,,,zander zachmann ingwa staniek boud jaham,0,0,0,0,mwoehlke fela jaham dmeltzer ducroquet djarvie boemann lukast dang piggz,0,0,0,0
176278,berger,flake\KoImageCollection.cpp, ,staniek zachmann zander mkruisselbrink jaham clicea nikolaus fmerz ,rempt fmerz girish zander mkruisselbrink staniek zachmann clicea villani sebsauer ,0,0,0,0,,,,,zander zachmann ingwa staniek boud jaham,0,0,0,0,mwoehlke fela jaham dmeltzer ducroquet djarvie boemann lukast dang piggz,0,0,0,0
176278,berger,tests\TestImageCollection.cpp, ,girish rempt zander sebsauer bjacob ducroquet zachmann berger sengels ,rempt fmerz girish zander mkruisselbrink staniek zachmann clicea villani sebsauer ,0,1,0,1,,,,,zander zachmann ingwa staniek boud jaham,0,0,0,0,mwoehlke fela jaham dmeltzer ducroquet djarvie boemann lukast dang piggz,0,0,0,0
176278,berger,ui\kis_print_job.cpp, ,rempt mkruisselbrink danders fmerz fyanardi zander ingwa langkamp berger bjacob ,rempt fmerz girish zander mkruisselbrink staniek zachmann clicea villani sebsauer ,0,1,0,1,,,,,zander zachmann ingwa staniek boud jaham,0,0,0,0,mwoehlke fela jaham dmeltzer ducroquet djarvie boemann lukast dang piggz,0,0,0,0
176278,berger,tests\kis_image_test.cpp, ,girish rempt zander sebsauer bjacob ducroquet zachmann berger sengels ,rempt fmerz girish zander mkruisselbrink staniek zachmann clicea villani sebsauer ,0,1,0,1,,,,,zander zachmann ingwa staniek boud jaham,0,0,0,0,mwoehlke fela jaham dmeltzer ducroquet djarvie boemann lukast dang piggz,0,0,0,0
176278,berger,canvas\kis_prescaled_projection.cpp,mkruisselbrink ,rempt mkruisselbrink jsimon bjacob berger ,rempt fmerz girish zander mkruisselbrink staniek zachmann clicea villani sebsauer ,0,1,0,1,,,,,zander zachmann ingwa staniek boud jaham,0,0,0,0,mwoehlke fela jaham dmeltzer ducroquet djarvie boemann lukast dang piggz,0,0,0,0
176278,berger,commands\kis_image_commands.h, ,zander sebsauer mkruisselbrink ducroquet girish ,rempt fmerz girish zander mkruisselbrink staniek zachmann clicea villani sebsauer ,0,0,0,0,,,,,zander zachmann ingwa staniek boud jaham,0,0,0,0,mwoehlke fela jaham dmeltzer ducroquet djarvie boemann lukast dang piggz,0,0,0,0
176278,berger,shape\KritaShape.cpp, ,jsimon ingwa zachmann ,rempt fmerz girish zander mkruisselbrink staniek zachmann clicea villani sebsauer ,0,0,0,0,,,,,zander zachmann ingwa staniek boud jaham,0,0,0,0,mwoehlke fela jaham dmeltzer ducroquet djarvie boemann lukast dang piggz,0,0,0,0
176278,berger,flake\KoImageData_p.cpp, ,staniek zachmann zander mkruisselbrink jaham clicea nikolaus fmerz ,rempt fmerz girish zander mkruisselbrink staniek zachmann clicea villani sebsauer ,0,0,0,0,,,,,zander zachmann ingwa staniek boud jaham,0,0,0,0,mwoehlke fela jaham dmeltzer ducroquet djarvie boemann lukast dang piggz,0,0,0,0
,,,,,,5,46,60,76,,,,,,60,60,60,60,,40,40,40,40
,,,,,,2.78,25.56,33.33,42.22,,,,,,33.33,33.33,33.33,33.33,,22.22,22.22,22.22,22.22