,,,Xfinder Recommendations,,,Xfinder Accuracy on Commit/Patch Files,,,,,Maintainer Accuracy on Commit/Patch Files,,,,,Maintainer Accuracy on Commit/Patch Files,,,
Bug #,Developer that fixed the Bug,LSI Given Relevant File,File Experts,Package Experts,System Experts,File Level,Package Level,System Level,Overall,Listed contacts of maintainers,File Level,Package Level,System Level,Overall,Liste of randomly selected developers from before the alpaha release,File Level,Package Level,System Level,Overall
124527,mecir,export\listeformat.h,,ingwa ossi zachmann,rempt berger zander jaham nikolaus staniek zachmann sebsauer danders mkruisselbrink,0,0,0,0,zander zachmann ingwa staniek boud jaham,0,0,0,0,clicea sitter adrian sebsauer bjacob astan villani hdhoang zander ducroquet,0,0,0,0
124527,mecir,kotext\KoTextSelectionHandler.cpp,zander girish fyanardi rempt mkruisselbrink sebsauer ducroquet,zander zachmann girish sebsauer fyanardi ducroquet rempt staniek mlaurent buis,rempt berger zander jaham nikolaus staniek zachmann sebsauer danders mkruisselbrink,0,0,0,0,zander zachmann ingwa staniek boud jaham,0,0,0,0,clicea sitter adrian sebsauer bjacob astan villani hdhoang zander ducroquet,0,0,0,0
124527,mecir,export\listeformat.h,,ingwa ossi zachmann,rempt berger zander jaham nikolaus staniek zachmann sebsauer danders mkruisselbrink,0,0,0,0,zander zachmann ingwa staniek boud jaham,0,0,0,0,clicea sitter adrian sebsauer bjacob astan villani hdhoang zander ducroquet,0,0,0,0
124527,mecir,odf\KoOdfNumberStyles.cpp,zachmann girish,girish zachmann dfaure fmerz zander nikolaus langkamp sengels bcail rempt,rempt berger zander jaham nikolaus staniek zachmann sebsauer danders mkruisselbrink,0,0,0,0,zander zachmann ingwa staniek boud jaham,0,0,0,0,clicea sitter adrian sebsauer bjacob astan villani hdhoang zander ducroquet,0,0,0,0
124527,mecir,main\KoPageFormat.cpp,rempt jlayt,zander rempt jaham zachmann staniek dfaure fmerz psn sebsauer nikolaus,rempt berger zander jaham nikolaus staniek zachmann sebsauer danders mkruisselbrink,0,0,0,0,zander zachmann ingwa staniek boud jaham,0,0,0,0,clicea sitter adrian sebsauer bjacob astan villani hdhoang zander ducroquet,0,0,0,0
124527,mecir,kotext\KoTextSelectionHandler.cpp,zander girish fyanardi rempt mkruisselbrink sebsauer ducroquet,zander zachmann girish sebsauer fyanardi ducroquet rempt staniek mlaurent buis,rempt berger zander jaham nikolaus staniek zachmann sebsauer danders mkruisselbrink,0,0,0,0,zander zachmann ingwa staniek boud jaham,0,0,0,0,clicea sitter adrian sebsauer bjacob astan villani hdhoang zander ducroquet,0,0,0,0
124527,mecir,wml\wmlparser.cpp,,,rempt berger zander jaham nikolaus staniek zachmann sebsauer danders mkruisselbrink,0,0,0,0,zander zachmann ingwa staniek boud jaham,0,0,0,0,clicea sitter adrian sebsauer bjacob astan villani hdhoang zander ducroquet,0,0,0,0
124527,mecir,kotext\KoTextSelectionHandler.cpp,zander girish fyanardi rempt mkruisselbrink sebsauer ducroquet,zander zachmann girish sebsauer fyanardi ducroquet rempt staniek mlaurent buis,rempt berger zander jaham nikolaus staniek zachmann sebsauer danders mkruisselbrink,0,0,0,0,zander zachmann ingwa staniek boud jaham,0,0,0,0,clicea sitter adrian sebsauer bjacob astan villani hdhoang zander ducroquet,0,0,0,0
124527,mecir,dialogs\LayoutDialog.cpp,nikolaus sebsauer zander pfau,nikolaus zander sebsauer ingwa jaham fyanardi girish mkruisselbrink rempt mlaurent,rempt berger zander jaham nikolaus staniek zachmann sebsauer danders mkruisselbrink,0,0,0,0,zander zachmann ingwa staniek boud jaham,0,0,0,0,clicea sitter adrian sebsauer bjacob astan villani hdhoang zander ducroquet,0,0,0,0
124527,mecir,export\listeformat.h,,ingwa ossi zachmann,rempt berger zander jaham nikolaus staniek zachmann sebsauer danders mkruisselbrink,0,0,0,0,zander zachmann ingwa staniek boud jaham,0,0,0,0,clicea sitter adrian sebsauer bjacob astan villani hdhoang zander ducroquet,0,0,0,0
125306,mkruisselbrink,calendar\CalendarToolFactory.cpp,nikolaus,nikolaus,rempt berger zander jaham nikolaus staniek zachmann sebsauer danders mkruisselbrink,0,0,1,1,zander zachmann ingwa staniek boud jaham,0,0,0,0,binner mlaurent ducroquet nlecureuil flambert bjacob bloos staniek sharan lunakl,0,0,0,0
125306,mkruisselbrink,commands\TextCommandBase.cpp,pstirnweiss,nikolaus jaham mkruisselbrink zander zachmann pstirnweiss sebsauer langkamp mlaurent rempt ,rempt berger zander jaham nikolaus staniek zachmann sebsauer danders mkruisselbrink,0,1,1,1,zander zachmann ingwa staniek boud jaham,0,0,0,0,binner mlaurent ducroquet nlecureuil flambert bjacob bloos staniek sharan lunakl,0,0,0,0
125306,mkruisselbrink,commands\TextCommandBase.h,pstirnweiss,nikolaus jaham mkruisselbrink zander zachmann pstirnweiss sebsauer langkamp mlaurent rempt,rempt berger zander jaham nikolaus staniek zachmann sebsauer danders mkruisselbrink,0,1,1,1,zander zachmann ingwa staniek boud jaham,0,0,0,0,binner mlaurent ducroquet nlecureuil flambert bjacob bloos staniek sharan lunakl,0,0,0,0
125306,mkruisselbrink,commands\TextInsertParagraphCommand.cpp,,nikolaus jaham mkruisselbrink zander zachmann pstirnweiss sebsauer langkamp mlaurent rempt,rempt berger zander jaham nikolaus staniek zachmann sebsauer danders mkruisselbrink,0,1,1,1,zander zachmann ingwa staniek boud jaham,0,0,0,0,binner mlaurent ducroquet nlecureuil flambert bjacob bloos staniek sharan lunakl,0,0,0,0
125306,mkruisselbrink,commands\TextInsertTextCommand.cpp,,nikolaus jaham mkruisselbrink zander zachmann pstirnweiss sebsauer langkamp mlaurent rempt ,rempt berger zander jaham nikolaus staniek zachmann sebsauer danders mkruisselbrink,0,1,1,1,zander zachmann ingwa staniek boud jaham,0,0,0,0,binner mlaurent ducroquet nlecureuil flambert bjacob bloos staniek sharan lunakl,0,0,0,0
125306,mkruisselbrink,models\kptcalendarmodel.cpp,danders,danders mlaurent rempt staniek berger chehrlic ilic dfaure,rempt berger zander jaham nikolaus staniek zachmann sebsauer danders mkruisselbrink,0,0,1,1,zander zachmann ingwa staniek boud jaham,0,0,0,0,binner mlaurent ducroquet nlecureuil flambert bjacob bloos staniek sharan lunakl,0,0,0,0
125306,mkruisselbrink,tool_curves\kis_tool_example.h,hdhoang,rempt hdhoang langkamp berger,rempt berger zander jaham nikolaus staniek zachmann sebsauer danders mkruisselbrink,0,0,1,1,zander zachmann ingwa staniek boud jaham,0,0,0,0,binner mlaurent ducroquet nlecureuil flambert bjacob bloos staniek sharan lunakl,0,0,0,0
125306,mkruisselbrink,RulerAssistantTool\kis_ruler_assistant_tool.h,berger,berger,rempt berger zander jaham nikolaus staniek zachmann sebsauer danders mkruisselbrink,0,0,1,1,zander zachmann ingwa staniek boud jaham,0,0,0,0,binner mlaurent ducroquet nlecureuil flambert bjacob bloos staniek sharan lunakl,0,0,0,0
125306,mkruisselbrink,tool_curves\kis_tool_moutline.h,rempt,rempt hdhoang langkamp berger,rempt berger zander jaham nikolaus staniek zachmann sebsauer danders mkruisselbrink,0,0,1,1,zander zachmann ingwa staniek boud jaham,0,0,0,0,binner mlaurent ducroquet nlecureuil flambert bjacob bloos staniek sharan lunakl,0,0,0,0
125306,mkruisselbrink,tool_polygon\kis_tool_polygon.h,langkamp rempt skoning,rempt langkamp berger skoning,rempt berger zander jaham nikolaus staniek zachmann sebsauer danders mkruisselbrink,0,0,1,1,zander zachmann ingwa staniek boud jaham,0,0,0,0,binner mlaurent ducroquet nlecureuil flambert bjacob bloos staniek sharan lunakl,0,0,0,0
130922,mkruisselbrink,kformula1.3\KFormula13Import.cpp,,,rempt berger zander jaham nikolaus staniek zachmann sebsauer danders mkruisselbrink,0,0,1,1,zander zachmann ingwa staniek boud jaham,0,0,0,0,page quique habacker scripty sebsauer anagl jriddell lukast fela ingwa,0,0,0,0
130922,mkruisselbrink,import\wpimport.h,,ingwa ariya zachmann zander sebsauer jaham nikolaus ossi,rempt berger zander jaham nikolaus staniek zachmann sebsauer danders mkruisselbrink,0,0,1,1,zander zachmann ingwa staniek boud jaham,0,0,0,0,page quique habacker scripty sebsauer anagl jriddell lukast fela ingwa,0,0,0,0
130922,mkruisselbrink,wml\wmlimport.h,,,rempt berger zander jaham nikolaus staniek zachmann sebsauer danders mkruisselbrink,0,0,1,1,zander zachmann ingwa staniek boud jaham,0,0,0,0,page quique habacker scripty sebsauer anagl jriddell lukast fela ingwa,0,0,0,0
130922,mkruisselbrink,abiword\abiwordimport.h,,ingwa zander staniek knight,rempt berger zander jaham nikolaus staniek zachmann sebsauer danders mkruisselbrink,0,0,1,1,zander zachmann ingwa staniek boud jaham,0,0,0,0,page quique habacker scripty sebsauer anagl jriddell lukast fela ingwa,0,0,0,0
130922,mkruisselbrink,pdf\pdfimport.cpp,dfaure ingwa,jaham ingwa rempt berger staniek zachmann dfaure,rempt berger zander jaham nikolaus staniek zachmann sebsauer danders mkruisselbrink,0,0,1,1,zander zachmann ingwa staniek boud jaham,0,0,0,0,page quique habacker scripty sebsauer anagl jriddell lukast fela ingwa,0,0,0,0
130922,mkruisselbrink,amipro\amiproimport.h,,staniek,rempt berger zander jaham nikolaus staniek zachmann sebsauer danders mkruisselbrink,0,0,1,1,zander zachmann ingwa staniek boud jaham,0,0,0,0,page quique habacker scripty sebsauer anagl jriddell lukast fela ingwa,0,0,0,0
130922,mkruisselbrink,import\excelimport.h,,ingwa ariya zachmann zander sebsauer jaham nikolaus ossi,rempt berger zander jaham nikolaus staniek zachmann sebsauer danders mkruisselbrink,0,0,1,1,zander zachmann ingwa staniek boud jaham,0,0,0,0,page quique habacker scripty sebsauer anagl jriddell lukast fela ingwa,0,0,0,0
130922,mkruisselbrink,pdf\kis_pdf_import.cpp,zachmann rempt berger,jaham ingwa rempt berger staniek zachmann dfaure,rempt berger zander jaham nikolaus staniek zachmann sebsauer danders mkruisselbrink,0,0,1,1,zander zachmann ingwa staniek boud jaham,0,0,0,0,page quique habacker scripty sebsauer anagl jriddell lukast fela ingwa,0,0,0,0
130922,mkruisselbrink,import\xsltimport.h,,ingwa ariya zachmann zander sebsauer jaham nikolaus ossi,rempt berger zander jaham nikolaus staniek zachmann sebsauer danders mkruisselbrink,0,0,1,1,zander zachmann ingwa staniek boud jaham,0,0,0,0,page quique habacker scripty sebsauer anagl jriddell lukast fela ingwa,0,0,0,0
130922,mkruisselbrink,xaml\xamlimport.h,jaham,jaham ingwa,rempt berger zander jaham nikolaus staniek zachmann sebsauer danders mkruisselbrink,0,0,1,1,zander zachmann ingwa staniek boud jaham,0,0,0,0,page quique habacker scripty sebsauer anagl jriddell lukast fela ingwa,0,0,0,0
137639,langkamp,common\KarbonGradientHelper.cpp,jaham,piggz jaham buis zachmann sebsauer mkruisselbrink fmerz,rempt berger zander jaham nikolaus staniek zachmann sebsauer danders mkruisselbrink,0,0,0,0,zander zachmann ingwa staniek boud jaham,0,0,0,0,ariya lueck tamponi coolo jpetso adrian roop knight coppens mwoehlke,0,0,0,0
137639,langkamp,svg\SvgGradientHelper.cpp,jaham,jaham sengels ingwa buis zander zachmann psn,rempt berger zander jaham nikolaus staniek zachmann sebsauer danders mkruisselbrink,0,0,0,0,zander zachmann ingwa staniek boud jaham,0,0,0,0,ariya lueck tamponi coolo jpetso adrian roop knight coppens mwoehlke,0,0,0,0
137639,langkamp,flake\KoGradientBackground.cpp,jaham zachmann,zander jaham mpfeiffer zachmann staniek johnflux mueller boemann rempt mlaurent,rempt berger zander jaham nikolaus staniek zachmann sebsauer danders mkruisselbrink,0,0,0,0,zander zachmann ingwa staniek boud jaham,0,0,0,0,ariya lueck tamponi coolo jpetso adrian roop knight coppens mwoehlke,0,0,0,0
137639,langkamp,widgets\KarbonGradientChooser.cpp,jaham,jaham rempt staniek langkamp pletourn berger sebsauer zander mkruisselbrink mlaurent,rempt berger zander jaham nikolaus staniek zachmann sebsauer danders mkruisselbrink,0,1,0,1,zander zachmann ingwa staniek boud jaham,0,0,0,0,ariya lueck tamponi coolo jpetso adrian roop knight coppens mwoehlke,0,0,0,0
137639,langkamp,tools\KarbonGradientEditStrategy.cpp,jaham mkruisselbrink,jaham zander langkamp fela boemann mpfeiffer staniek buis rempt zachmann,rempt berger zander jaham nikolaus staniek zachmann sebsauer danders mkruisselbrink,0,1,0,1,zander zachmann ingwa staniek boud jaham,0,0,0,0,ariya lueck tamponi coolo jpetso adrian roop knight coppens mwoehlke,0,0,0,0
137639,langkamp,tools\KarbonGradientEditStrategy.cpp,jaham mkruisselbrink,jaham zander langkamp fela boemann mpfeiffer staniek buis rempt zachmann,rempt berger zander jaham nikolaus staniek zachmann sebsauer danders mkruisselbrink,0,1,0,1,zander zachmann ingwa staniek boud jaham,0,0,0,0,ariya lueck tamponi coolo jpetso adrian roop knight coppens mwoehlke,0,0,0,0
137639,langkamp,opengl\kis_opengl_gradient_program.cpp,rempt tburdick,rempt tburdick,rempt berger zander jaham nikolaus staniek zachmann sebsauer danders mkruisselbrink,0,0,0,0,zander zachmann ingwa staniek boud jaham,0,0,0,0,ariya lueck tamponi coolo jpetso adrian roop knight coppens mwoehlke,0,0,0,0
137639,langkamp,widgets\KarbonGradientItem.cpp,jaham langkamp,jaham rempt staniek langkamp pletourn berger sebsauer zander mkruisselbrink mlaurent,rempt berger zander jaham nikolaus staniek zachmann sebsauer danders mkruisselbrink,1,1,0,1,zander zachmann ingwa staniek boud jaham,0,0,0,0,ariya lueck tamponi coolo jpetso adrian roop knight coppens mwoehlke,0,0,0,0
137639,langkamp,widgets\KarbonGradientEditWidget.cpp,,jaham rempt staniek langkamp pletourn berger sebsauer zander mkruisselbrink mlaurent,rempt berger zander jaham nikolaus staniek zachmann sebsauer danders mkruisselbrink,0,1,0,1,zander zachmann ingwa staniek boud jaham,0,0,0,0,ariya lueck tamponi coolo jpetso adrian roop knight coppens mwoehlke,0,0,0,0
137639,langkamp,tools\KarbonGradientEditStrategy.cpp,jaham mkruisselbrink,jaham zander langkamp fela boemann mpfeiffer staniek buis rempt zachmann,rempt berger zander jaham nikolaus staniek zachmann sebsauer danders mkruisselbrink,0,1,0,1,zander zachmann ingwa staniek boud jaham,0,0,0,0,ariya lueck tamponi coolo jpetso adrian roop knight coppens mwoehlke,0,0,0,0
140603,mkruisselbrink,kspread\DependencyManager.cpp,nikolaus,nikolaus mecir zachmann sebsauer ariya mlaurent zander jsimon chehrlic jaham,rempt berger zander jaham nikolaus staniek zachmann sebsauer danders mkruisselbrink,0,0,1,1,zander zachmann ingwa staniek boud jaham,0,0,0,0,ereslibre roop schmeisser fela nlecureuil dang rempt ducroquet psn zachmann,0,0,0,0
140603,mkruisselbrink,kspread\OdfSavingContext.h,nikolaus,nikolaus mecir zachmann sebsauer ariya mlaurent zander jsimon chehrlic jaham,rempt berger zander jaham nikolaus staniek zachmann sebsauer danders mkruisselbrink,0,0,1,1,zander zachmann ingwa staniek boud jaham,0,0,0,0,ereslibre roop schmeisser fela nlecureuil dang rempt ducroquet psn zachmann,0,0,0,0
140603,mkruisselbrink,commands\LinkCommand.cpp,nikolaus,nikolaus jaham mkruisselbrink zander zachmann pstirnweiss sebsauer langkamp mlaurent rempt,rempt berger zander jaham nikolaus staniek zachmann sebsauer danders mkruisselbrink,0,1,1,1,zander zachmann ingwa staniek boud jaham,0,0,0,0,ereslibre roop schmeisser fela nlecureuil dang rempt ducroquet psn zachmann,0,0,0,0
140603,mkruisselbrink,kspread\Damages.cpp,nikolaus,nikolaus mecir zachmann sebsauer ariya mlaurent zander jsimon chehrlic jaham,rempt berger zander jaham nikolaus staniek zachmann sebsauer danders mkruisselbrink,0,0,1,1,zander zachmann ingwa staniek boud jaham,0,0,0,0,ereslibre roop schmeisser fela nlecureuil dang rempt ducroquet psn zachmann,0,0,0,0
140603,mkruisselbrink,kspread\RecalcManager.cpp,nikolaus,nikolaus mecir zachmann sebsauer ariya mlaurent zander jsimon chehrlic jaham,rempt berger zander jaham nikolaus staniek zachmann sebsauer danders mkruisselbrink,0,0,1,1,zander zachmann ingwa staniek boud jaham,0,0,0,0,ereslibre roop schmeisser fela nlecureuil dang rempt ducroquet psn zachmann,0,0,0,0
140603,mkruisselbrink,msword\tablehandler.cpp,dfaure,dfaure ingwa mfranz,rempt berger zander jaham nikolaus staniek zachmann sebsauer danders mkruisselbrink,0,0,1,1,zander zachmann ingwa staniek boud jaham,0,0,0,0,ereslibre roop schmeisser fela nlecureuil dang rempt ducroquet psn zachmann,0,0,0,0
140603,mkruisselbrink,opencalc\opencalcstyleexport.h,nikolaus,nikolaus staniek zachmann sebsauer ingwa,rempt berger zander jaham nikolaus staniek zachmann sebsauer danders mkruisselbrink,0,0,1,1,zander zachmann ingwa staniek boud jaham,0,0,0,0,ereslibre roop schmeisser fela nlecureuil dang rempt ducroquet psn zachmann,0,0,0,0
140603,mkruisselbrink,qpro\record.h,,nikolaus,rempt berger zander jaham nikolaus staniek zachmann sebsauer danders mkruisselbrink,0,0,1,1,zander zachmann ingwa staniek boud jaham,0,0,0,0,ereslibre roop schmeisser fela nlecureuil dang rempt ducroquet psn zachmann,0,0,0,0
140603,mkruisselbrink,ui\SheetView.cpp,nikolaus sebsauer,rempt berger danders langkamp nikolaus zander zachmann mkruisselbrink page mlaurent,rempt berger zander jaham nikolaus staniek zachmann sebsauer danders mkruisselbrink,0,1,1,1,zander zachmann ingwa staniek boud jaham,0,0,0,0,ereslibre roop schmeisser fela nlecureuil dang rempt ducroquet psn zachmann,0,0,0,0
140603,mkruisselbrink,commands\Undo.h,nikolaus,nikolaus jaham mkruisselbrink zander zachmann pstirnweiss sebsauer langkamp mlaurent rempt,rempt berger zander jaham nikolaus staniek zachmann sebsauer danders mkruisselbrink,0,1,1,1,zander zachmann ingwa staniek boud jaham,0,0,0,0,ereslibre roop schmeisser fela nlecureuil dang rempt ducroquet psn zachmann,0,0,0,0
141536,berger,commands\kis_layer_commands.h,langkamp rempt,nikolaus jaham mkruisselbrink zander zachmann pstirnweiss sebsauer langkamp mlaurent rempt,rempt berger zander jaham nikolaus staniek zachmann sebsauer danders mkruisselbrink,0,0,1,1,zander zachmann ingwa staniek boud jaham,0,0,0,0,apaku villani berger pino dmeltzer lukast roop johnflux jlayt fmerz,1,1,1,1
141536,berger,kritacore\krs_paint_layer.cpp,,sebsauer rempt page berger chehrlic,rempt berger zander jaham nikolaus staniek zachmann sebsauer danders mkruisselbrink,0,1,1,1,zander zachmann ingwa staniek boud jaham,0,0,0,0,apaku villani berger pino dmeltzer lukast roop johnflux jlayt fmerz,1,1,1,1
141536,berger,kra\kis_kra_savexml_visitor.cpp,,rempt,rempt berger zander jaham nikolaus staniek zachmann sebsauer danders mkruisselbrink,0,0,1,1,zander zachmann ingwa staniek boud jaham,0,0,0,0,apaku villani berger pino dmeltzer lukast roop johnflux jlayt fmerz,1,1,1,1
141536,berger,commands\KarbonLayerReorderCommand.cpp,jaham,nikolaus jaham mkruisselbrink zander zachmann pstirnweiss sebsauer langkamp mlaurent rempt,rempt berger zander jaham nikolaus staniek zachmann sebsauer danders mkruisselbrink,0,0,1,1,zander zachmann ingwa staniek boud jaham,0,0,0,0,apaku villani berger pino dmeltzer lukast roop johnflux jlayt fmerz,1,1,1,1
141536,berger,tests\kis_image_test.cpp,rempt,rempt berger nikolaus zachmann zander tamponi girish vkrause jaham page,rempt berger zander jaham nikolaus staniek zachmann sebsauer danders mkruisselbrink,0,1,1,1,zander zachmann ingwa staniek boud jaham,0,0,0,0,apaku villani berger pino dmeltzer lukast roop johnflux jlayt fmerz,1,1,1,1
141536,berger,ui\kis_layer_manager.h,langkamp berger rempt,rempt berger danders langkamp nikolaus zander zachmann mkruisselbrink page mlaurent,rempt berger zander jaham nikolaus staniek zachmann sebsauer danders mkruisselbrink,1,1,1,1,zander zachmann ingwa staniek boud jaham,0,0,0,0,apaku villani berger pino dmeltzer lukast roop johnflux jlayt fmerz,1,1,1,1
141536,berger,openrastertk\kis_open_raster_stack_save_visitor.cpp,berger rempt,berger rempt,rempt berger zander jaham nikolaus staniek zachmann sebsauer danders mkruisselbrink,1,1,1,1,zander zachmann ingwa staniek boud jaham,0,0,0,0,apaku villani berger pino dmeltzer lukast roop johnflux jlayt fmerz,1,1,1,1
141536,berger,image\kis_colorspace_convert_visitor.cpp,,rempt berger langkamp tamponi page zander bjacob boemann coppens mueller,rempt berger zander jaham nikolaus staniek zachmann sebsauer danders mkruisselbrink,0,1,1,1,zander zachmann ingwa staniek boud jaham,0,0,0,0,apaku villani berger pino dmeltzer lukast roop johnflux jlayt fmerz,1,1,1,1
141536,berger,dockers\KarbonLayerDocker.cpp,jaham buis,jaham zander zachmann boemann rempt ingwa psn langkamp mlaurent mpfeiffer,rempt berger zander jaham nikolaus staniek zachmann sebsauer danders mkruisselbrink,0,0,1,1,zander zachmann ingwa staniek boud jaham,0,0,0,0,apaku villani berger pino dmeltzer lukast roop johnflux jlayt fmerz,1,1,1,1
141536,berger,ui\kis_layermap_visitor.h,rempt,rempt berger danders langkamp nikolaus zander zachmann mkruisselbrink page mlaurent,rempt berger zander jaham nikolaus staniek zachmann sebsauer danders mkruisselbrink,0,1,1,1,zander zachmann ingwa staniek boud jaham,0,0,0,0,apaku villani berger pino dmeltzer lukast roop johnflux jlayt fmerz,1,1,1,1
156754,langkamp,flake\KoImageData.cpp,jaham,zander jaham mpfeiffer zachmann staniek johnflux mueller boemann rempt mlaurent,rempt berger zander jaham nikolaus staniek zachmann sebsauer danders mkruisselbrink,0,0,0,0,zander zachmann ingwa staniek boud jaham,0,0,0,0,boemann pfau lukast rodda langkamp page ariya vkrause scripty ducroquet,1,1,1,1
156754,langkamp,commands\kis_image_commands.h,rempt,nikolaus jaham mkruisselbrink zander zachmann pstirnweiss sebsauer langkamp mlaurent rempt,rempt berger zander jaham nikolaus staniek zachmann sebsauer danders mkruisselbrink,0,1,0,1,zander zachmann ingwa staniek boud jaham,0,0,0,0,boemann pfau lukast rodda langkamp page ariya vkrause scripty ducroquet,1,1,1,1
156754,langkamp,flake\KoImageCollection.cpp,zachmann jaham,zander jaham mpfeiffer zachmann staniek johnflux mueller boemann rempt mlaurent,rempt berger zander jaham nikolaus staniek zachmann sebsauer danders mkruisselbrink,0,0,0,0,zander zachmann ingwa staniek boud jaham,0,0,0,0,boemann pfau lukast rodda langkamp page ariya vkrause scripty ducroquet,1,1,1,1
156754,langkamp,tests\TestImageCollection.cpp,,rempt berger nikolaus zachmann zander tamponi girish vkrause jaham page,rempt berger zander jaham nikolaus staniek zachmann sebsauer danders mkruisselbrink,0,0,0,0,zander zachmann ingwa staniek boud jaham,0,0,0,0,boemann pfau lukast rodda langkamp page ariya vkrause scripty ducroquet,1,1,1,1
156754,langkamp,tests\kis_image_test.cpp,rempt,rempt berger nikolaus zachmann zander tamponi girish vkrause jaham page,rempt berger zander jaham nikolaus staniek zachmann sebsauer danders mkruisselbrink,0,0,0,0,zander zachmann ingwa staniek boud jaham,0,0,0,0,boemann pfau lukast rodda langkamp page ariya vkrause scripty ducroquet,1,1,1,1
156754,langkamp,ui\kis_print_job.cpp,zander berger rempt,rempt berger danders langkamp nikolaus zander zachmann mkruisselbrink page mlaurent,rempt berger zander jaham nikolaus staniek zachmann sebsauer danders mkruisselbrink,0,1,0,1,zander zachmann ingwa staniek boud jaham,0,0,0,0,boemann pfau lukast rodda langkamp page ariya vkrause scripty ducroquet,1,1,1,1
156754,langkamp,canvas\kis_prescaled_projection.cpp,berger rempt mkruisselbrink,berger rempt mkruisselbrink zander jsimon pstirnweiss langkamp bjacob,rempt berger zander jaham nikolaus staniek zachmann sebsauer danders mkruisselbrink,0,1,0,1,zander zachmann ingwa staniek boud jaham,0,0,0,0,boemann pfau lukast rodda langkamp page ariya vkrause scripty ducroquet,1,1,1,1
156754,langkamp,commands\kis_image_commands.h,rempt,nikolaus jaham mkruisselbrink zander zachmann pstirnweiss sebsauer langkamp mlaurent rempt,rempt berger zander jaham nikolaus staniek zachmann sebsauer danders mkruisselbrink,0,1,0,1,zander zachmann ingwa staniek boud jaham,0,0,0,0,boemann pfau lukast rodda langkamp page ariya vkrause scripty ducroquet,1,1,1,1
156754,langkamp,flake\KoImageData_p.cpp,,zander jaham mpfeiffer zachmann staniek johnflux mueller boemann rempt mlaurent,rempt berger zander jaham nikolaus staniek zachmann sebsauer danders mkruisselbrink,0,0,0,0,zander zachmann ingwa staniek boud jaham,0,0,0,0,boemann pfau lukast rodda langkamp page ariya vkrause scripty ducroquet,1,1,1,1
156754,langkamp,genericimageexport\genericimageexport.cpp,ingwa,ingwa,rempt berger zander jaham nikolaus staniek zachmann sebsauer danders mkruisselbrink,0,0,0,0,zander zachmann ingwa staniek boud jaham,0,0,0,0,boemann pfau lukast rodda langkamp page ariya vkrause scripty ducroquet,1,1,1,1
162872,berger,pigment\KoColorSpaceAbstract.h,berger rempt langkamp fmerz boemann tamponi page,berger zander staniek rempt fmerz page tamponi mlaurent sengels chehrlic,rempt berger zander jaham nikolaus staniek zachmann sebsauer danders mkruisselbrink,1,1,1,1,zander zachmann ingwa staniek boud jaham,0,0,0,0,mueller dmeltzer djarvie rodda jriddell hdhoang bcail tokoe bhards ducroquet,0,0,0,0
162872,berger,image\kis_node_filter_interface.h,berger,rempt berger langkamp tamponi page zander bjacob boemann coppens mueller,rempt berger zander jaham nikolaus staniek zachmann sebsauer danders mkruisselbrink,1,1,1,1,zander zachmann ingwa staniek boud jaham,0,0,0,0,mueller dmeltzer djarvie rodda jriddell hdhoang bcail tokoe bhards ducroquet,0,0,0,0
162872,berger,main\KoFilterChain.cpp,fmerz rempt dfaure mueller,zander rempt jaham zachmann staniek dfaure fmerz psn sebsauer nikolaus,rempt berger zander jaham nikolaus staniek zachmann sebsauer danders mkruisselbrink,0,0,1,1,zander zachmann ingwa staniek boud jaham,0,0,0,0,mueller dmeltzer djarvie rodda jriddell hdhoang bcail tokoe bhards ducroquet,0,0,0,0
162872,berger,image\kis_filter_mask.cpp,rempt berger langkamp,rempt berger langkamp tamponi page zander bjacob boemann coppens mueller,rempt berger zander jaham nikolaus staniek zachmann sebsauer danders mkruisselbrink,1,1,1,1,zander zachmann ingwa staniek boud jaham,0,0,0,0,mueller dmeltzer djarvie rodda jriddell hdhoang bcail tokoe bhards ducroquet,0,0,0,0
162872,berger,metadata\kis_meta_data_filter_registry.h,berger,berger rempt page zander ingwa pino,rempt berger zander jaham nikolaus staniek zachmann sebsauer danders mkruisselbrink,1,1,1,1,zander zachmann ingwa staniek boud jaham,0,0,0,0,mueller dmeltzer djarvie rodda jriddell hdhoang bcail tokoe bhards ducroquet,0,0,0,0
162872,berger,pigment\KoBasicHistogramProducers.cpp,staniek,berger zander staniek rempt fmerz page tamponi mlaurent sengels chehrlic,rempt berger zander jaham nikolaus staniek zachmann sebsauer danders mkruisselbrink,0,1,1,1,zander zachmann ingwa staniek boud jaham,0,0,0,0,mueller dmeltzer djarvie rodda jriddell hdhoang bcail tokoe bhards ducroquet,0,0,0,0
162872,berger,mswrite\mswriteimport.h,dang,dang staniek ingwa,rempt berger zander jaham nikolaus staniek zachmann sebsauer danders mkruisselbrink,0,0,1,1,zander zachmann ingwa staniek boud jaham,0,0,0,0,mueller dmeltzer djarvie rodda jriddell hdhoang bcail tokoe bhards ducroquet,0,0,0,0
162872,berger,dialogs\kis_dlg_filter.cpp,berger rempt,nikolaus zander sebsauer ingwa jaham fyanardi girish mkruisselbrink rempt mlaurent,rempt berger zander jaham nikolaus staniek zachmann sebsauer danders mkruisselbrink,1,0,1,1,zander zachmann ingwa staniek boud jaham,0,0,0,0,mueller dmeltzer djarvie rodda jriddell hdhoang bcail tokoe bhards ducroquet,0,0,0,0
162872,berger,pigment\KoBasicHistogramProducers.cpp,staniek,berger zander staniek rempt fmerz page tamponi mlaurent sengels chehrlic,rempt berger zander jaham nikolaus staniek zachmann sebsauer danders mkruisselbrink,0,1,1,1,zander zachmann ingwa staniek boud jaham,0,0,0,0,mueller dmeltzer djarvie rodda jriddell hdhoang bcail tokoe bhards ducroquet,0,0,0,0
162872,berger,pigment\KoBasicHistogramProducers.cpp,staniek,berger zander staniek rempt fmerz page tamponi mlaurent sengels chehrlic,rempt berger zander jaham nikolaus staniek zachmann sebsauer danders mkruisselbrink,0,1,1,1,zander zachmann ingwa staniek boud jaham,0,0,0,0,mueller dmeltzer djarvie rodda jriddell hdhoang bcail tokoe bhards ducroquet,0,0,0,0
164688,berger,guiutils\KoCopyController.cpp,zander,zander jaham rempt boemann mpfeiffer buis sebsauer fyanardi mkruisselbrink nikolaus,rempt berger zander jaham nikolaus staniek zachmann sebsauer danders mkruisselbrink,0,0,1,1,zander zachmann ingwa staniek boud jaham,0,0,0,0,dang chehrlic berger fmerz habacker lunakl jdandres ariya mlaurent astan,1,1,1,1
164688,berger,flake\KoToolSelection.cpp,,zander jaham mpfeiffer zachmann staniek johnflux mueller boemann rempt mlaurent,rempt berger zander jaham nikolaus staniek zachmann sebsauer danders mkruisselbrink,0,0,1,1,zander zachmann ingwa staniek boud jaham,0,0,0,0,dang chehrlic berger fmerz habacker lunakl jdandres ariya mlaurent astan,1,1,1,1
164688,berger,defaulttool\DefaultTool.cpp,jaham zander zachmann psn,zander jaham psn zachmann,rempt berger zander jaham nikolaus staniek zachmann sebsauer danders mkruisselbrink,0,0,1,1,zander zachmann ingwa staniek boud jaham,0,0,0,0,dang chehrlic berger fmerz habacker lunakl jdandres ariya mlaurent astan,1,1,1,1
164688,berger,tool_curves\kis_tool_moutline.h,rempt,rempt hdhoang langkamp berger,rempt berger zander jaham nikolaus staniek zachmann sebsauer danders mkruisselbrink,0,1,1,1,zander zachmann ingwa staniek boud jaham,0,0,0,0,dang chehrlic berger fmerz habacker lunakl jdandres ariya mlaurent astan,1,1,1,1
164688,berger,tool\kis_selection_tool_helper.cpp,,berger,rempt berger zander jaham nikolaus staniek zachmann sebsauer danders mkruisselbrink,0,1,1,1,zander zachmann ingwa staniek boud jaham,0,0,0,0,dang chehrlic berger fmerz habacker lunakl jdandres ariya mlaurent astan,1,1,1,1
164688,berger,selectiontools\kis_tool_select_eraser.h,zander rempt skoning,rempt langkamp zander berger skoning zachmann mkruisselbrink mueller psn,rempt berger zander jaham nikolaus staniek zachmann sebsauer danders mkruisselbrink,0,1,1,1,zander zachmann ingwa staniek boud jaham,0,0,0,0,dang chehrlic berger fmerz habacker lunakl jdandres ariya mlaurent astan,1,1,1,1
164688,berger,tool_curves\kis_tool_example.h,hdhoang,rempt hdhoang langkamp berger,rempt berger zander jaham nikolaus staniek zachmann sebsauer danders mkruisselbrink,0,1,1,1,zander zachmann ingwa staniek boud jaham,0,0,0,0,dang chehrlic berger fmerz habacker lunakl jdandres ariya mlaurent astan,1,1,1,1
164688,berger,selectiontools\kis_tool_select_polygonal.h,langkamp zander rempt skoning,rempt langkamp zander berger skoning zachmann mkruisselbrink mueller psn,rempt berger zander jaham nikolaus staniek zachmann sebsauer danders mkruisselbrink,0,1,1,1,zander zachmann ingwa staniek boud jaham,0,0,0,0,dang chehrlic berger fmerz habacker lunakl jdandres ariya mlaurent astan,1,1,1,1
164688,berger,selectiontools\kis_tool_select_contiguous.h,langkamp zander rempt skoning,rempt langkamp zander berger skoning zachmann mkruisselbrink mueller psn,rempt berger zander jaham nikolaus staniek zachmann sebsauer danders mkruisselbrink,0,1,1,1,zander zachmann ingwa staniek boud jaham,0,0,0,0,dang chehrlic berger fmerz habacker lunakl jdandres ariya mlaurent astan,1,1,1,1
164688,berger,selectiontools\kis_tool_select_outline.h,langkamp zander rempt skoning,rempt langkamp zander berger skoning zachmann mkruisselbrink mueller psn,rempt berger zander jaham nikolaus staniek zachmann sebsauer danders mkruisselbrink,0,1,1,1,zander zachmann ingwa staniek boud jaham,0,0,0,0,dang chehrlic berger fmerz habacker lunakl jdandres ariya mlaurent astan,1,1,1,1
166966,langkamp,textshape\ChangeTracker.cpp,,fmerz zander ducroquet zachmann sebsauer girish rempt jpetso roop staniek,rempt berger zander jaham nikolaus staniek zachmann sebsauer danders mkruisselbrink,0,0,0,0,zander zachmann ingwa staniek boud jaham,0,0,0,0,danders sebsauer apaku djarvie stepin rempt staniek chehrlic annma jriddell,0,0,0,0
166966,langkamp,kotext\KoVariable.cpp,,zander zachmann girish sebsauer fyanardi ducroquet rempt staniek mlaurent buis,rempt berger zander jaham nikolaus staniek zachmann sebsauer danders mkruisselbrink,0,0,0,0,zander zachmann ingwa staniek boud jaham,0,0,0,0,danders sebsauer apaku djarvie stepin rempt staniek chehrlic annma jriddell,0,0,0,0
166966,langkamp,tests\documentstructuretest.cpp,girish,rempt berger nikolaus zachmann zander tamponi girish vkrause jaham page,rempt berger zander jaham nikolaus staniek zachmann sebsauer danders mkruisselbrink,0,0,0,0,zander zachmann ingwa staniek boud jaham,0,0,0,0,danders sebsauer apaku djarvie stepin rempt staniek chehrlic annma jriddell,0,0,0,0
166966,langkamp,import\kwordfilter.cpp,,ingwa ariya zachmann zander sebsauer jaham nikolaus ossi,rempt berger zander jaham nikolaus staniek zachmann sebsauer danders mkruisselbrink,0,0,0,0,zander zachmann ingwa staniek boud jaham,0,0,0,0,danders sebsauer apaku djarvie stepin rempt staniek chehrlic annma jriddell,0,0,0,0
166966,langkamp,libppt\powerpoint.cpp,,,rempt berger zander jaham nikolaus staniek zachmann sebsauer danders mkruisselbrink,0,0,0,0,zander zachmann ingwa staniek boud jaham,0,0,0,0,danders sebsauer apaku djarvie stepin rempt staniek chehrlic annma jriddell,0,0,0,0
166966,langkamp,kernel\kptcommand.cpp,danders,danders mlaurent fmerz chehrlic staniek mueller dfaure,rempt berger zander jaham nikolaus staniek zachmann sebsauer danders mkruisselbrink,0,0,0,0,zander zachmann ingwa staniek boud jaham,0,0,0,0,danders sebsauer apaku djarvie stepin rempt staniek chehrlic annma jriddell,0,0,0,0
166966,langkamp,kernel\kptcommand.cpp,danders,danders mlaurent fmerz chehrlic staniek mueller dfaure,rempt berger zander jaham nikolaus staniek zachmann sebsauer danders mkruisselbrink,0,0,0,0,zander zachmann ingwa staniek boud jaham,0,0,0,0,danders sebsauer apaku djarvie stepin rempt staniek chehrlic annma jriddell,0,0,0,0
166966,langkamp,msword\mswordimport.cpp,dfaure,dfaure ingwa mfranz,rempt berger zander jaham nikolaus staniek zachmann sebsauer danders mkruisselbrink,0,0,0,0,zander zachmann ingwa staniek boud jaham,0,0,0,0,danders sebsauer apaku djarvie stepin rempt staniek chehrlic annma jriddell,0,0,0,0
166966,langkamp,kernel\kptdocuments.cpp,danders,danders mlaurent fmerz chehrlic staniek mueller dfaure,rempt berger zander jaham nikolaus staniek zachmann sebsauer danders mkruisselbrink,0,0,0,0,zander zachmann ingwa staniek boud jaham,0,0,0,0,danders sebsauer apaku djarvie stepin rempt staniek chehrlic annma jriddell,0,0,0,0
166966,langkamp,kotext\KoTextDocument.cpp,girish,zander zachmann girish sebsauer fyanardi ducroquet rempt staniek mlaurent buis,rempt berger zander jaham nikolaus staniek zachmann sebsauer danders mkruisselbrink,0,0,0,0,zander zachmann ingwa staniek boud jaham,0,0,0,0,danders sebsauer apaku djarvie stepin rempt staniek chehrlic annma jriddell,0,0,0,0
167009,zander,tests\TestBasicLayout.cpp,sebsauer ducroquet,rempt berger nikolaus zachmann zander tamponi girish vkrause jaham page,rempt berger zander jaham nikolaus staniek zachmann sebsauer danders mkruisselbrink,0,1,1,1,zander zachmann ingwa staniek boud jaham,1,1,1,1,mfranz beaulen aseigo fela rempt menard coolo aacid dang dmeltzer,0,0,0,0
167009,zander,part\KWPageTextInfo.cpp,,zachmann zander fyanardi sebsauer boemann ducroquet nikolaus psn ingwa clicea,rempt berger zander jaham nikolaus staniek zachmann sebsauer danders mkruisselbrink,0,1,1,1,zander zachmann ingwa staniek boud jaham,1,1,1,1,mfranz beaulen aseigo fela rempt menard coolo aacid dang dmeltzer,0,0,0,0
167009,zander,part\KWPageManager.cpp,zander sebsauer ducroquet,zachmann zander fyanardi sebsauer boemann ducroquet nikolaus psn ingwa clicea,rempt berger zander jaham nikolaus staniek zachmann sebsauer danders mkruisselbrink,1,1,1,1,zander zachmann ingwa staniek boud jaham,1,1,1,1,mfranz beaulen aseigo fela rempt menard coolo aacid dang dmeltzer,0,0,0,0
167009,zander,part\KWPageManager.cpp,zander sebsauer ducroquet,zachmann zander fyanardi sebsauer boemann ducroquet nikolaus psn ingwa clicea,rempt berger zander jaham nikolaus staniek zachmann sebsauer danders mkruisselbrink,1,1,1,1,zander zachmann ingwa staniek boud jaham,1,1,1,1,mfranz beaulen aseigo fela rempt menard coolo aacid dang dmeltzer,0,0,0,0
167009,zander,tests\TestPageManager.cpp,sebsauer ducroquet,rempt berger nikolaus zachmann zander tamponi girish vkrause jaham page,rempt berger zander jaham nikolaus staniek zachmann sebsauer danders mkruisselbrink,0,1,1,1,zander zachmann ingwa staniek boud jaham,1,1,1,1,mfranz beaulen aseigo fela rempt menard coolo aacid dang dmeltzer,0,0,0,0
167009,zander,tests\KWPageManagerTester.cpp,,rempt berger nikolaus zachmann zander tamponi girish vkrause jaham page,rempt berger zander jaham nikolaus staniek zachmann sebsauer danders mkruisselbrink,0,1,1,1,zander zachmann ingwa staniek boud jaham,1,1,1,1,mfranz beaulen aseigo fela rempt menard coolo aacid dang dmeltzer,0,0,0,0
167009,zander,commands\KWPageInsertCommand.cpp,zander sebsauer ducroquet,nikolaus jaham mkruisselbrink zander zachmann pstirnweiss sebsauer langkamp mlaurent rempt,rempt berger zander jaham nikolaus staniek zachmann sebsauer danders mkruisselbrink,1,1,1,1,zander zachmann ingwa staniek boud jaham,1,1,1,1,mfranz beaulen aseigo fela rempt menard coolo aacid dang dmeltzer,0,0,0,0
167009,zander,dialogs\KWPageSettingsDialog.cpp,zander sebsauer ducroquet nikolaus,nikolaus zander sebsauer ingwa jaham fyanardi girish mkruisselbrink rempt mlaurent,rempt berger zander jaham nikolaus staniek zachmann sebsauer danders mkruisselbrink,1,1,1,1,zander zachmann ingwa staniek boud jaham,1,1,1,1,mfranz beaulen aseigo fela rempt menard coolo aacid dang dmeltzer,0,0,0,0
167009,zander,part\KPrMasterPage.cpp,zachmann,zachmann zander fyanardi sebsauer boemann ducroquet nikolaus psn ingwa clicea,rempt berger zander jaham nikolaus staniek zachmann sebsauer danders mkruisselbrink,0,1,1,1,zander zachmann ingwa staniek boud jaham,1,1,1,1,mfranz beaulen aseigo fela rempt menard coolo aacid dang dmeltzer,0,0,0,0
167009,zander,commands\KPrPageEffectSetCommand.cpp,zachmann,nikolaus jaham mkruisselbrink zander zachmann pstirnweiss sebsauer langkamp mlaurent rempt,rempt berger zander jaham nikolaus staniek zachmann sebsauer danders mkruisselbrink,0,1,1,1,zander zachmann ingwa staniek boud jaham,1,1,1,1,mfranz beaulen aseigo fela rempt menard coolo aacid dang dmeltzer,0,0,0,0
167247,langkamp,resources\KoResourceServerObserver.h,rempt sengels,langkamp fmerz jaham rempt zander berger staniek boemann sengels ingwa,rempt berger zander jaham nikolaus staniek zachmann sebsauer danders mkruisselbrink,0,1,0,1,zander zachmann ingwa staniek boud jaham,0,0,0,0,tokoe astan mwoehlke rempt tburdick buis sharan sengels clicea bhards,0,0,0,0
167247,langkamp,resources\KoResourceServerAdapter.h,langkamp jaham sengels,langkamp fmerz jaham rempt zander berger staniek boemann sengels ingwa,rempt berger zander jaham nikolaus staniek zachmann sebsauer danders mkruisselbrink,1,1,0,1,zander zachmann ingwa staniek boud jaham,0,0,0,0,tokoe astan mwoehlke rempt tburdick buis sharan sengels clicea bhards,0,0,0,0
167247,langkamp,resources\KoResourceServer.h,langkamp jaham fmerz zander rempt,langkamp fmerz jaham rempt zander berger staniek boemann sengels ingwa,rempt berger zander jaham nikolaus staniek zachmann sebsauer danders mkruisselbrink,1,1,0,1,zander zachmann ingwa staniek boud jaham,0,0,0,0,tokoe astan mwoehlke rempt tburdick buis sharan sengels clicea bhards,0,0,0,0
167247,langkamp,resources\KoResourceServerAdapter.cpp,langkamp,langkamp fmerz jaham rempt zander berger staniek boemann sengels ingwa,rempt berger zander jaham nikolaus staniek zachmann sebsauer danders mkruisselbrink,1,1,0,1,zander zachmann ingwa staniek boud jaham,0,0,0,0,tokoe astan mwoehlke rempt tburdick buis sharan sengels clicea bhards,0,0,0,0
167247,langkamp,kernel\kptcommand.cpp,danders,danders mlaurent fmerz chehrlic staniek mueller dfaure,rempt berger zander jaham nikolaus staniek zachmann sebsauer danders mkruisselbrink,0,0,0,0,zander zachmann ingwa staniek boud jaham,0,0,0,0,tokoe astan mwoehlke rempt tburdick buis sharan sengels clicea bhards,0,0,0,0
167247,langkamp,kernel\kptcommand.cpp,danders,danders mlaurent fmerz chehrlic staniek mueller dfaure,rempt berger zander jaham nikolaus staniek zachmann sebsauer danders mkruisselbrink,0,0,0,0,zander zachmann ingwa staniek boud jaham,0,0,0,0,tokoe astan mwoehlke rempt tburdick buis sharan sengels clicea bhards,0,0,0,0
167247,langkamp,kernel\kptcommand.cpp,danders,danders mlaurent fmerz chehrlic staniek mueller dfaure,rempt berger zander jaham nikolaus staniek zachmann sebsauer danders mkruisselbrink,0,0,0,0,zander zachmann ingwa staniek boud jaham,0,0,0,0,tokoe astan mwoehlke rempt tburdick buis sharan sengels clicea bhards,0,0,0,0
167247,langkamp,kernel\kptresource.cpp,danders staniek,danders mlaurent fmerz chehrlic staniek mueller dfaure,rempt berger zander jaham nikolaus staniek zachmann sebsauer danders mkruisselbrink,0,0,0,0,zander zachmann ingwa staniek boud jaham,0,0,0,0,tokoe astan mwoehlke rempt tburdick buis sharan sengels clicea bhards,0,0,0,0
167247,langkamp,kernel\kptcommand.cpp,danders,danders mlaurent fmerz chehrlic staniek mueller dfaure,rempt berger zander jaham nikolaus staniek zachmann sebsauer danders mkruisselbrink,0,0,0,0,zander zachmann ingwa staniek boud jaham,0,0,0,0,tokoe astan mwoehlke rempt tburdick buis sharan sengels clicea bhards,0,0,0,0
167247,langkamp,kernel\kptcommand.cpp,danders,danders mlaurent fmerz chehrlic staniek mueller dfaure,rempt berger zander jaham nikolaus staniek zachmann sebsauer danders mkruisselbrink,0,0,0,0,zander zachmann ingwa staniek boud jaham,0,0,0,0,tokoe astan mwoehlke rempt tburdick buis sharan sengels clicea bhards,0,0,0,0
169696,jaham,tests\TestShapeReorderCommand.cpp,jaham,rempt berger nikolaus zachmann zander tamponi girish vkrause jaham page,rempt berger zander jaham nikolaus staniek zachmann sebsauer danders mkruisselbrink,1,1,1,1,zander zachmann ingwa staniek boud jaham,1,1,1,1,sengels lukast zachmann anagl fmerz psn rodda jlayt mlaurent adrian,0,0,0,0
169696,jaham,commands\KoShapeReorderCommand.cpp,jaham,nikolaus jaham mkruisselbrink zander zachmann pstirnweiss sebsauer langkamp mlaurent rempt,rempt berger zander jaham nikolaus staniek zachmann sebsauer danders mkruisselbrink,1,1,1,1,zander zachmann ingwa staniek boud jaham,1,1,1,1,sengels lukast zachmann anagl fmerz psn rodda jlayt mlaurent adrian,0,0,0,0
169696,jaham,commands\KoShapeShearCommand.cpp,,nikolaus jaham mkruisselbrink zander zachmann pstirnweiss sebsauer langkamp mlaurent rempt,rempt berger zander jaham nikolaus staniek zachmann sebsauer danders mkruisselbrink,0,1,1,1,zander zachmann ingwa staniek boud jaham,1,1,1,1,sengels lukast zachmann anagl fmerz psn rodda jlayt mlaurent adrian,0,0,0,0
169696,jaham,tests\MockShapes.h,staniek boemann zachmann zander berger pstirnweiss,rempt berger nikolaus zachmann zander tamponi girish vkrause jaham page,rempt berger zander jaham nikolaus staniek zachmann sebsauer danders mkruisselbrink,0,1,1,1,zander zachmann ingwa staniek boud jaham,1,1,1,1,sengels lukast zachmann anagl fmerz psn rodda jlayt mlaurent adrian,0,0,0,0
169696,jaham,commands\KoShapeLockCommand.cpp,,nikolaus jaham mkruisselbrink zander zachmann pstirnweiss sebsauer langkamp mlaurent rempt,rempt berger zander jaham nikolaus staniek zachmann sebsauer danders mkruisselbrink,0,1,1,1,zander zachmann ingwa staniek boud jaham,1,1,1,1,sengels lukast zachmann anagl fmerz psn rodda jlayt mlaurent adrian,0,0,0,0
169696,jaham,commands\KoShapeMoveCommand.cpp,,nikolaus jaham mkruisselbrink zander zachmann pstirnweiss sebsauer langkamp mlaurent rempt,rempt berger zander jaham nikolaus staniek zachmann sebsauer danders mkruisselbrink,0,1,1,1,zander zachmann ingwa staniek boud jaham,1,1,1,1,sengels lukast zachmann anagl fmerz psn rodda jlayt mlaurent adrian,0,0,0,0
169696,jaham,commands\KoShapeKeepAspectRatioCommand.cpp,,nikolaus jaham mkruisselbrink zander zachmann pstirnweiss sebsauer langkamp mlaurent rempt,rempt berger zander jaham nikolaus staniek zachmann sebsauer danders mkruisselbrink,0,1,1,1,zander zachmann ingwa staniek boud jaham,1,1,1,1,sengels lukast zachmann anagl fmerz psn rodda jlayt mlaurent adrian,0,0,0,0
169696,jaham,commands\KoPADisplayMasterShapesCommand.cpp,,nikolaus jaham mkruisselbrink zander zachmann pstirnweiss sebsauer langkamp mlaurent rempt,rempt berger zander jaham nikolaus staniek zachmann sebsauer danders mkruisselbrink,0,1,1,1,zander zachmann ingwa staniek boud jaham,1,1,1,1,sengels lukast zachmann anagl fmerz psn rodda jlayt mlaurent adrian,0,0,0,0
169696,jaham,tests\TestSelection.cpp,zander jaham,rempt berger nikolaus zachmann zander tamponi girish vkrause jaham page,rempt berger zander jaham nikolaus staniek zachmann sebsauer danders mkruisselbrink,1,1,1,1,zander zachmann ingwa staniek boud jaham,1,1,1,1,sengels lukast zachmann anagl fmerz psn rodda jlayt mlaurent adrian,0,0,0,0
169696,jaham,commands\KoPathBaseCommand.cpp,,nikolaus jaham mkruisselbrink zander zachmann pstirnweiss sebsauer langkamp mlaurent rempt,rempt berger zander jaham nikolaus staniek zachmann sebsauer danders mkruisselbrink,0,1,1,1,zander zachmann ingwa staniek boud jaham,1,1,1,1,sengels lukast zachmann anagl fmerz psn rodda jlayt mlaurent adrian,0,0,0,0
171969,jaham,flake\ShapeDeleter_p.cpp,zander,zander jaham mpfeiffer zachmann staniek johnflux mueller boemann rempt mlaurent,rempt berger zander jaham nikolaus staniek zachmann sebsauer danders mkruisselbrink,0,1,1,1,zander zachmann ingwa staniek boud jaham,1,1,1,1,roop pletourn fmerz sebsauer jaham ereslibre bcail tokoe menard psn,1,1,1,1
171969,jaham,shape\KritaShapeFactory.cpp,zander rempt,jsimon ingwa nikolaus staniek zander zachmann rempt mkruisselbrink jaham mlaurent,rempt berger zander jaham nikolaus staniek zachmann sebsauer danders mkruisselbrink,0,1,1,1,zander zachmann ingwa staniek boud jaham,1,1,1,1,roop pletourn fmerz sebsauer jaham ereslibre bcail tokoe menard psn,1,1,1,1
171969,jaham,flake\KoShapeManager.cpp,zachmann jaham zander jsimon,zander jaham mpfeiffer zachmann staniek johnflux mueller boemann rempt mlaurent,rempt berger zander jaham nikolaus staniek zachmann sebsauer danders mkruisselbrink,1,1,1,1,zander zachmann ingwa staniek boud jaham,1,1,1,1,roop pletourn fmerz sebsauer jaham ereslibre bcail tokoe menard psn,1,1,1,1
171969,jaham,shapeselector\Canvas.cpp,zander rempt psn pstirnweiss,zander zachmann rempt psn pstirnweiss mkruisselbrink page,rempt berger zander jaham nikolaus staniek zachmann sebsauer danders mkruisselbrink,0,0,1,1,zander zachmann ingwa staniek boud jaham,1,1,1,1,roop pletourn fmerz sebsauer jaham ereslibre bcail tokoe menard psn,1,1,1,1
171969,jaham,divineProportion\Intro.cpp,zander,zander staniek zachmann mueller jaham sebsauer,rempt berger zander jaham nikolaus staniek zachmann sebsauer danders mkruisselbrink,0,1,1,1,zander zachmann ingwa staniek boud jaham,1,1,1,1,roop pletourn fmerz sebsauer jaham ereslibre bcail tokoe menard psn,1,1,1,1
171969,jaham,flake\KoShapeManager.cpp,zachmann jaham zander jsimon,zander jaham mpfeiffer zachmann staniek johnflux mueller boemann rempt mlaurent,rempt berger zander jaham nikolaus staniek zachmann sebsauer danders mkruisselbrink,1,1,1,1,zander zachmann ingwa staniek boud jaham,1,1,1,1,roop pletourn fmerz sebsauer jaham ereslibre bcail tokoe menard psn,1,1,1,1
171969,jaham,shapeproperties\ShapePropertiesDocker.cpp,jaham sebsauer,jaham zachmann sebsauer,rempt berger zander jaham nikolaus staniek zachmann sebsauer danders mkruisselbrink,1,1,1,1,zander zachmann ingwa staniek boud jaham,1,1,1,1,roop pletourn fmerz sebsauer jaham ereslibre bcail tokoe menard psn,1,1,1,1
171969,jaham,commands\KoShapeCreateCommand.cpp,,nikolaus jaham mkruisselbrink zander zachmann pstirnweiss sebsauer langkamp mlaurent rempt,rempt berger zander jaham nikolaus staniek zachmann sebsauer danders mkruisselbrink,0,1,1,1,zander zachmann ingwa staniek boud jaham,1,1,1,1,roop pletourn fmerz sebsauer jaham ereslibre bcail tokoe menard psn,1,1,1,1
171969,jaham,flake\KoShapeControllerBase.h,boemann zachmann,zander jaham mpfeiffer zachmann staniek johnflux mueller boemann rempt mlaurent,rempt berger zander jaham nikolaus staniek zachmann sebsauer danders mkruisselbrink,0,1,1,1,zander zachmann ingwa staniek boud jaham,1,1,1,1,roop pletourn fmerz sebsauer jaham ereslibre bcail tokoe menard psn,1,1,1,1
171969,jaham,divineProportion\DivineProportionShapeFactory.cpp,sebsauer,zander staniek zachmann mueller jaham sebsauer,rempt berger zander jaham nikolaus staniek zachmann sebsauer danders mkruisselbrink,0,1,1,1,zander zachmann ingwa staniek boud jaham,1,1,1,1,roop pletourn fmerz sebsauer jaham ereslibre bcail tokoe menard psn,1,1,1,1
173354,zachmann,part\KWPageTextInfo.cpp,,zachmann zander fyanardi sebsauer boemann ducroquet nikolaus psn ingwa clicea,rempt berger zander jaham nikolaus staniek zachmann sebsauer danders mkruisselbrink,0,1,1,1,zander zachmann ingwa staniek boud jaham,1,1,1,1,simon abeaumont bloos buis montanaro habacker berger krake lueck fmerz,0,0,0,0
173354,zachmann,part\KWPageManager.cpp,zander sebsauer ducroquet,zachmann zander fyanardi sebsauer boemann ducroquet nikolaus psn ingwa clicea,rempt berger zander jaham nikolaus staniek zachmann sebsauer danders mkruisselbrink,0,1,1,1,zander zachmann ingwa staniek boud jaham,1,1,1,1,simon abeaumont bloos buis montanaro habacker berger krake lueck fmerz,0,0,0,0
173354,zachmann,part\KWPageManager.cpp,zander sebsauer ducroquet,zachmann zander fyanardi sebsauer boemann ducroquet nikolaus psn ingwa clicea,rempt berger zander jaham nikolaus staniek zachmann sebsauer danders mkruisselbrink,0,1,1,1,zander zachmann ingwa staniek boud jaham,1,1,1,1,simon abeaumont bloos buis montanaro habacker berger krake lueck fmerz,0,0,0,0
173354,zachmann,tests\TestBasicLayout.cpp,sebsauer ducroquet,rempt berger nikolaus zachmann zander tamponi girish vkrause jaham page,rempt berger zander jaham nikolaus staniek zachmann sebsauer danders mkruisselbrink,0,1,1,1,zander zachmann ingwa staniek boud jaham,1,1,1,1,simon abeaumont bloos buis montanaro habacker berger krake lueck fmerz,0,0,0,0
173354,zachmann,tests\TestPageManager.cpp,sebsauer ducroquet,rempt berger nikolaus zachmann zander tamponi girish vkrause jaham page,rempt berger zander jaham nikolaus staniek zachmann sebsauer danders mkruisselbrink,0,1,1,1,zander zachmann ingwa staniek boud jaham,1,1,1,1,simon abeaumont bloos buis montanaro habacker berger krake lueck fmerz,0,0,0,0
173354,zachmann,tests\KWPageManagerTester.cpp,,rempt berger nikolaus zachmann zander tamponi girish vkrause jaham page,rempt berger zander jaham nikolaus staniek zachmann sebsauer danders mkruisselbrink,0,1,1,1,zander zachmann ingwa staniek boud jaham,1,1,1,1,simon abeaumont bloos buis montanaro habacker berger krake lueck fmerz,0,0,0,0
173354,zachmann,part\KPrMasterPage.cpp,zachmann,zachmann zander fyanardi sebsauer boemann ducroquet nikolaus psn ingwa clicea,rempt berger zander jaham nikolaus staniek zachmann sebsauer danders mkruisselbrink,1,1,1,1,zander zachmann ingwa staniek boud jaham,1,1,1,1,simon abeaumont bloos buis montanaro habacker berger krake lueck fmerz,0,0,0,0
173354,zachmann,commands\KWPageInsertCommand.cpp,zander sebsauer ducroquet,nikolaus jaham mkruisselbrink zander zachmann pstirnweiss sebsauer langkamp mlaurent rempt,rempt berger zander jaham nikolaus staniek zachmann sebsauer danders mkruisselbrink,0,1,1,1,zander zachmann ingwa staniek boud jaham,1,1,1,1,simon abeaumont bloos buis montanaro habacker berger krake lueck fmerz,0,0,0,0
173354,zachmann,commands\KPrPageEffectSetCommand.cpp,zachmann,nikolaus jaham mkruisselbrink zander zachmann pstirnweiss sebsauer langkamp mlaurent rempt,rempt berger zander jaham nikolaus staniek zachmann sebsauer danders mkruisselbrink,1,1,1,1,zander zachmann ingwa staniek boud jaham,1,1,1,1,simon abeaumont bloos buis montanaro habacker berger krake lueck fmerz,0,0,0,0
173354,zachmann,dialogs\KWPageSettingsDialog.cpp,zander sebsauer ducroquet nikolaus,nikolaus zander sebsauer ingwa jaham fyanardi girish mkruisselbrink rempt mlaurent,rempt berger zander jaham nikolaus staniek zachmann sebsauer danders mkruisselbrink,0,0,1,1,zander zachmann ingwa staniek boud jaham,1,1,1,1,simon abeaumont bloos buis montanaro habacker berger krake lueck fmerz,0,0,0,0
173630,zander,pagelayout\KPrPageLayouts.cpp,zachmann staniek,zachmann staniek boemann fmerz dfaure,rempt berger zander jaham nikolaus staniek zachmann sebsauer danders mkruisselbrink,0,0,1,1,zander zachmann ingwa staniek boud jaham,1,1,1,1,mueller beaulen vkrause ingwa mfranz ereslibre ossi berger piggz mwoehlke,0,0,0,0
173630,zander,main\KoPageFormat.cpp,rempt jlayt,zander rempt jaham zachmann staniek dfaure fmerz psn sebsauer nikolaus,rempt berger zander jaham nikolaus staniek zachmann sebsauer danders mkruisselbrink,0,1,1,1,zander zachmann ingwa staniek boud jaham,1,1,1,1,mueller beaulen vkrause ingwa mfranz ereslibre ossi berger piggz mwoehlke,0,0,0,0
173630,zander,pagelayout\KPrPageLayoutSharedSavingData.cpp,zachmann,zachmann staniek boemann fmerz dfaure,rempt berger zander jaham nikolaus staniek zachmann sebsauer danders mkruisselbrink,0,0,1,1,zander zachmann ingwa staniek boud jaham,1,1,1,1,mueller beaulen vkrause ingwa mfranz ereslibre ossi berger piggz mwoehlke,0,0,0,0
173630,zander,tests\TestBasicLayout.cpp,sebsauer ducroquet,rempt berger nikolaus zachmann zander tamponi girish vkrause jaham page,rempt berger zander jaham nikolaus staniek zachmann sebsauer danders mkruisselbrink,0,1,1,1,zander zachmann ingwa staniek boud jaham,1,1,1,1,mueller beaulen vkrause ingwa mfranz ereslibre ossi berger piggz mwoehlke,0,0,0,0
173630,zander,pagelayout\KPrPageLayouts.cpp,zachmann staniek,zachmann staniek boemann fmerz dfaure,rempt berger zander jaham nikolaus staniek zachmann sebsauer danders mkruisselbrink,0,0,1,1,zander zachmann ingwa staniek boud jaham,1,1,1,1,mueller beaulen vkrause ingwa mfranz ereslibre ossi berger piggz mwoehlke,0,0,0,0
173630,zander,guiutils\KoPageLayoutDialog.cpp,sebsauer nikolaus,zander jaham rempt boemann mpfeiffer buis sebsauer fyanardi mkruisselbrink nikolaus,rempt berger zander jaham nikolaus staniek zachmann sebsauer danders mkruisselbrink,0,1,1,1,zander zachmann ingwa staniek boud jaham,1,1,1,1,mueller beaulen vkrause ingwa mfranz ereslibre ossi berger piggz mwoehlke,0,0,0,0
173630,zander,main\KoPageLayout.cpp,zachmann jaham rempt ducroquet,zander rempt jaham zachmann staniek dfaure fmerz psn sebsauer nikolaus,rempt berger zander jaham nikolaus staniek zachmann sebsauer danders mkruisselbrink,0,1,1,1,zander zachmann ingwa staniek boud jaham,1,1,1,1,mueller beaulen vkrause ingwa mfranz ereslibre ossi berger piggz mwoehlke,0,0,0,0
173630,zander,tests\TestPageManager.cpp,sebsauer ducroquet,rempt berger nikolaus zachmann zander tamponi girish vkrause jaham page,rempt berger zander jaham nikolaus staniek zachmann sebsauer danders mkruisselbrink,0,1,1,1,zander zachmann ingwa staniek boud jaham,1,1,1,1,mueller beaulen vkrause ingwa mfranz ereslibre ossi berger piggz mwoehlke,0,0,0,0
173630,zander,guiutils\KoPageLayoutWidget.cpp,mkruisselbrink sebsauer nikolaus,zander jaham rempt boemann mpfeiffer buis sebsauer fyanardi mkruisselbrink nikolaus,rempt berger zander jaham nikolaus staniek zachmann sebsauer danders mkruisselbrink,0,1,1,1,zander zachmann ingwa staniek boud jaham,1,1,1,1,mueller beaulen vkrause ingwa mfranz ereslibre ossi berger piggz mwoehlke,0,0,0,0
173630,zander,commands\KWPagePropertiesCommand.cpp,zander mkruisselbrink ducroquet,nikolaus jaham mkruisselbrink zander zachmann pstirnweiss sebsauer langkamp mlaurent rempt,rempt berger zander jaham nikolaus staniek zachmann sebsauer danders mkruisselbrink,1,1,1,1,zander zachmann ingwa staniek boud jaham,1,1,1,1,mueller beaulen vkrause ingwa mfranz ereslibre ossi berger piggz mwoehlke,0,0,0,0
173882,jaham,guiutils\KoUniColorChooser.cpp,boemann rempt page,zander jaham rempt boemann mpfeiffer buis sebsauer fyanardi mkruisselbrink nikolaus,rempt berger zander jaham nikolaus staniek zachmann sebsauer danders mkruisselbrink,0,1,1,1,zander zachmann ingwa staniek boud jaham,1,1,1,1,jsimon dang chehrlic dfaure anagl sitter ilic fmerz menard quique,0,0,0,0
173882,jaham,shape\ChartConfigWidget.cpp,jsimon zander ingwa mlaurent nikolaus,jsimon ingwa nikolaus staniek zander zachmann rempt mkruisselbrink jaham mlaurent,rempt berger zander jaham nikolaus staniek zachmann sebsauer danders mkruisselbrink,0,1,1,1,zander zachmann ingwa staniek boud jaham,1,1,1,1,jsimon dang chehrlic dfaure anagl sitter ilic fmerz menard quique,0,0,0,0
173882,jaham,chart\ChartDialog.h,nikolaus,nikolaus jsimon jaham mecir,rempt berger zander jaham nikolaus staniek zachmann sebsauer danders mkruisselbrink,0,1,1,1,zander zachmann ingwa staniek boud jaham,1,1,1,1,jsimon dang chehrlic dfaure anagl sitter ilic fmerz menard quique,0,0,0,0
173882,jaham,dialogs\GoalSeekDialog.cpp,nikolaus sebsauer mlaurent mecir,nikolaus zander sebsauer ingwa jaham fyanardi girish mkruisselbrink rempt mlaurent,rempt berger zander jaham nikolaus staniek zachmann sebsauer danders mkruisselbrink,0,1,1,1,zander zachmann ingwa staniek boud jaham,1,1,1,1,jsimon dang chehrlic dfaure anagl sitter ilic fmerz menard quique,0,0,0,0
173882,jaham,tests\TestStatisticalFunctions.cpp,nikolaus pfau,rempt berger nikolaus zachmann zander tamponi girish vkrause jaham page,rempt berger zander jaham nikolaus staniek zachmann sebsauer danders mkruisselbrink,0,1,1,1,zander zachmann ingwa staniek boud jaham,1,1,1,1,jsimon dang chehrlic dfaure anagl sitter ilic fmerz menard quique,0,0,0,0
173882,jaham,guiutils\KoEditColorSetDialog.cpp,fyanardi sebsauer jpetso,zander jaham rempt boemann mpfeiffer buis sebsauer fyanardi mkruisselbrink nikolaus,rempt berger zander jaham nikolaus staniek zachmann sebsauer danders mkruisselbrink,0,1,1,1,zander zachmann ingwa staniek boud jaham,1,1,1,1,jsimon dang chehrlic dfaure anagl sitter ilic fmerz menard quique,0,0,0,0
173882,jaham,ui\kptstandardworktimedialog.cpp,danders,rempt berger danders langkamp nikolaus zander zachmann mkruisselbrink page mlaurent,rempt berger zander jaham nikolaus staniek zachmann sebsauer danders mkruisselbrink,0,0,1,1,zander zachmann ingwa staniek boud jaham,1,1,1,1,jsimon dang chehrlic dfaure anagl sitter ilic fmerz menard quique,0,0,0,0
173882,jaham,guiutils\KoEditColorSetDialog.cpp,fyanardi sebsauer jpetso,zander jaham rempt boemann mpfeiffer buis sebsauer fyanardi mkruisselbrink nikolaus,rempt berger zander jaham nikolaus staniek zachmann sebsauer danders mkruisselbrink,0,1,1,1,zander zachmann ingwa staniek boud jaham,1,1,1,1,jsimon dang chehrlic dfaure anagl sitter ilic fmerz menard quique,0,0,0,0
173882,jaham,shape\ChartTool.cpp,jsimon boemann nikolaus,jsimon ingwa nikolaus staniek zander zachmann rempt mkruisselbrink jaham mlaurent,rempt berger zander jaham nikolaus staniek zachmann sebsauer danders mkruisselbrink,0,1,1,1,zander zachmann ingwa staniek boud jaham,1,1,1,1,jsimon dang chehrlic dfaure anagl sitter ilic fmerz menard quique,0,0,0,0
173882,jaham,refinepath\RefinePathPlugin.cpp,jaham,jaham,rempt berger zander jaham nikolaus staniek zachmann sebsauer danders mkruisselbrink,1,1,1,1,zander zachmann ingwa staniek boud jaham,1,1,1,1,jsimon dang chehrlic dfaure anagl sitter ilic fmerz menard quique,0,0,0,0
176278,berger,flake\KoImageData.cpp,jaham,zander jaham mpfeiffer zachmann staniek johnflux mueller boemann rempt mlaurent,rempt berger zander jaham nikolaus staniek zachmann sebsauer danders mkruisselbrink,0,0,1,1,zander zachmann ingwa staniek boud jaham,0,0,0,0,mwoehlke fela jaham dmeltzer ducroquet djarvie boemann lukast dang piggz,0,0,0,0
176278,berger,commands\kis_image_commands.h,rempt,nikolaus jaham mkruisselbrink zander zachmann pstirnweiss sebsauer langkamp mlaurent rempt,rempt berger zander jaham nikolaus staniek zachmann sebsauer danders mkruisselbrink,0,0,1,1,zander zachmann ingwa staniek boud jaham,0,0,0,0,mwoehlke fela jaham dmeltzer ducroquet djarvie boemann lukast dang piggz,0,0,0,0
176278,berger,flake\KoImageCollection.cpp,zachmann jaham,zander jaham mpfeiffer zachmann staniek johnflux mueller boemann rempt mlaurent,rempt berger zander jaham nikolaus staniek zachmann sebsauer danders mkruisselbrink,0,0,1,1,zander zachmann ingwa staniek boud jaham,0,0,0,0,mwoehlke fela jaham dmeltzer ducroquet djarvie boemann lukast dang piggz,0,0,0,0
176278,berger,tests\TestImageCollection.cpp,,rempt berger nikolaus zachmann zander tamponi girish vkrause jaham page,rempt berger zander jaham nikolaus staniek zachmann sebsauer danders mkruisselbrink,0,1,1,1,zander zachmann ingwa staniek boud jaham,0,0,0,0,mwoehlke fela jaham dmeltzer ducroquet djarvie boemann lukast dang piggz,0,0,0,0
176278,berger,ui\kis_print_job.cpp,zander berger rempt,rempt berger danders langkamp nikolaus zander zachmann mkruisselbrink page mlaurent,rempt berger zander jaham nikolaus staniek zachmann sebsauer danders mkruisselbrink,1,1,1,1,zander zachmann ingwa staniek boud jaham,0,0,0,0,mwoehlke fela jaham dmeltzer ducroquet djarvie boemann lukast dang piggz,0,0,0,0
176278,berger,tests\kis_image_test.cpp,rempt,rempt berger nikolaus zachmann zander tamponi girish vkrause jaham page,rempt berger zander jaham nikolaus staniek zachmann sebsauer danders mkruisselbrink,0,1,1,1,zander zachmann ingwa staniek boud jaham,0,0,0,0,mwoehlke fela jaham dmeltzer ducroquet djarvie boemann lukast dang piggz,0,0,0,0
176278,berger,canvas\kis_prescaled_projection.cpp,berger rempt mkruisselbrink,berger rempt mkruisselbrink zander jsimon pstirnweiss langkamp bjacob,rempt berger zander jaham nikolaus staniek zachmann sebsauer danders mkruisselbrink,1,1,1,1,zander zachmann ingwa staniek boud jaham,0,0,0,0,mwoehlke fela jaham dmeltzer ducroquet djarvie boemann lukast dang piggz,0,0,0,0
176278,berger,commands\kis_image_commands.h,rempt,nikolaus jaham mkruisselbrink zander zachmann pstirnweiss sebsauer langkamp mlaurent rempt,rempt berger zander jaham nikolaus staniek zachmann sebsauer danders mkruisselbrink,0,0,1,1,zander zachmann ingwa staniek boud jaham,0,0,0,0,mwoehlke fela jaham dmeltzer ducroquet djarvie boemann lukast dang piggz,0,0,0,0
176278,berger,shape\KritaShape.cpp,zander rempt zachmann berger dfaure sengels,jsimon ingwa nikolaus staniek zander zachmann rempt mkruisselbrink jaham mlaurent,rempt berger zander jaham nikolaus staniek zachmann sebsauer danders mkruisselbrink,1,0,1,1,zander zachmann ingwa staniek boud jaham,0,0,0,0,mwoehlke fela jaham dmeltzer ducroquet djarvie boemann lukast dang piggz,0,0,0,0
176278,berger,flake\KoImageData_p.cpp,,zander jaham mpfeiffer zachmann staniek johnflux mueller boemann rempt mlaurent,rempt berger zander jaham nikolaus staniek zachmann sebsauer danders mkruisselbrink,0,0,1,1,zander zachmann ingwa staniek boud jaham,0,0,0,0,mwoehlke fela jaham dmeltzer ducroquet djarvie boemann lukast dang piggz,0,0,0,0
,,,,,,28,99,130,144,,60,60,60,60,,40,40,40,40
,,,,,,15.56,55,72.22,80,,33.33,33.33,33.33,33.33,,22.22,22.22,22.22,22.22