Bug #,Developer that fixed the Bug,LSI Given Relevant File,File Experts,Package Experts,System Experts,File Level,Package Level,System Level,Overall,Listed contacts of maintainers,File Level,Package Level,System Level,Overall,Liste of randomly selected developers from before the alpaha release,File Level,Package Level,System Level,Overall
124527,mecir,export\listeformat.h,,,rempt nikolaus zachmann jaham zander staniek fmerz berger girish villani,0,0,0,0,zander zachmann ingwa staniek boud jaham,0,0,0,0,clicea sitter adrian sebsauer bjacob astan villani hdhoang zander ducroquet,0,0,0,0
124527,mecir,kotext\KoTextSelectionHandler.cpp,irish zander mkruisselbrink,girish zander ducroquet sebsauer roop staniek mkruisselbrink zachmann fmerz dfaure ,rempt nikolaus zachmann jaham zander staniek fmerz berger girish villani,0,0,0,0,zander zachmann ingwa staniek boud jaham,0,0,0,0,clicea sitter adrian sebsauer bjacob astan villani hdhoang zander ducroquet,0,0,0,0
124527,mecir,export\listeformat.h,,,rempt nikolaus zachmann jaham zander staniek fmerz berger girish villani,0,0,0,0,zander zachmann ingwa staniek boud jaham,0,0,0,0,clicea sitter adrian sebsauer bjacob astan villani hdhoang zander ducroquet,0,0,0,0
124527,mecir,odf\KoOdfNumberStyles.cpp,girish,girish fmerz nikolaus zachmann langkamp bcail jaham sengels ,rempt nikolaus zachmann jaham zander staniek fmerz berger girish villani,0,0,0,0,zander zachmann ingwa staniek boud jaham,0,0,0,0,clicea sitter adrian sebsauer bjacob astan villani hdhoang zander ducroquet,0,0,0,0
124527,mecir,main\KoPageFormat.cpp,,jaham fmerz rempt staniek villani boemann langkamp nikolaus dfaure astan ,rempt nikolaus zachmann jaham zander staniek fmerz berger girish villani,0,0,0,0,zander zachmann ingwa staniek boud jaham,0,0,0,0,clicea sitter adrian sebsauer bjacob astan villani hdhoang zander ducroquet,0,0,0,0
124527,mecir,kotext\KoTextSelectionHandler.cpp,girish zander mkruisselbrink ,girish zander ducroquet sebsauer roop staniek mkruisselbrink zachmann fmerz dfaure ,rempt nikolaus zachmann jaham zander staniek fmerz berger girish villani,0,0,0,0,zander zachmann ingwa staniek boud jaham,0,0,0,0,clicea sitter adrian sebsauer bjacob astan villani hdhoang zander ducroquet,0,0,0,0
124527,mecir,wml\wmlparser.cpp,,,rempt nikolaus zachmann jaham zander staniek fmerz berger girish villani,0,0,0,0,zander zachmann ingwa staniek boud jaham,0,0,0,0,clicea sitter adrian sebsauer bjacob astan villani hdhoang zander ducroquet,0,0,0,0
124527,mecir,kotext\KoTextSelectionHandler.cpp,girish zander mkruisselbrink ,girish zander ducroquet sebsauer roop staniek mkruisselbrink zachmann fmerz dfaure ,rempt nikolaus zachmann jaham zander staniek fmerz berger girish villani,0,0,0,0,zander zachmann ingwa staniek boud jaham,0,0,0,0,clicea sitter adrian sebsauer bjacob astan villani hdhoang zander ducroquet,0,0,0,0
124527,mecir,dialogs\LayoutDialog.cpp,nikolaus,nikolaus zander girish rempt roop ducroquet sebsauer jaham mlaurent zachmann ,rempt nikolaus zachmann jaham zander staniek fmerz berger girish villani,0,0,0,0,zander zachmann ingwa staniek boud jaham,0,0,0,0,clicea sitter adrian sebsauer bjacob astan villani hdhoang zander ducroquet,0,0,0,0
124527,mecir,export\listeformat.h,,,rempt nikolaus zachmann jaham zander staniek fmerz berger girish villani,0,0,0,0,zander zachmann ingwa staniek boud jaham,0,0,0,0,clicea sitter adrian sebsauer bjacob astan villani hdhoang zander ducroquet,0,0,0,0
125306,mkruisselbrink,calendar\CalendarToolFactory.cpp,nikolaus,nikolaus,rempt nikolaus zachmann jaham zander staniek fmerz berger girish villani,0,0,0,0,zander zachmann ingwa staniek boud jaham,0,0,0,0,binner mlaurent ducroquet nlecureuil flambert bjacob bloos staniek sharan lunakl,0,0,0,0
125306,mkruisselbrink,commands\TextCommandBase.cpp,pstirnweiss,nikolaus pstirnweiss jaham zander ducroquet zachmann sebsauer mkruisselbrink mlaurent girish ,rempt nikolaus zachmann jaham zander staniek fmerz berger girish villani,0,1,0,1,zander zachmann ingwa staniek boud jaham,0,0,0,0,binner mlaurent ducroquet nlecureuil flambert bjacob bloos staniek sharan lunakl,0,0,0,0
125306,mkruisselbrink,commands\TextCommandBase.h,pstirnweiss,nikolaus pstirnweiss jaham zander ducroquet zachmann sebsauer mkruisselbrink mlaurent girish ,rempt nikolaus zachmann jaham zander staniek fmerz berger girish villani,0,1,0,1,zander zachmann ingwa staniek boud jaham,0,0,0,0,binner mlaurent ducroquet nlecureuil flambert bjacob bloos staniek sharan lunakl,0,0,0,0
125306,mkruisselbrink,commands\TextInsertParagraphCommand.cpp,,nikolaus pstirnweiss jaham zander ducroquet zachmann sebsauer mkruisselbrink mlaurent girish ,rempt nikolaus zachmann jaham zander staniek fmerz berger girish villani,0,1,0,1,zander zachmann ingwa staniek boud jaham,0,0,0,0,binner mlaurent ducroquet nlecureuil flambert bjacob bloos staniek sharan lunakl,0,0,0,0
125306,mkruisselbrink,commands\TextInsertTextCommand.cpp,,nikolaus pstirnweiss jaham zander ducroquet zachmann sebsauer mkruisselbrink mlaurent girish ,rempt nikolaus zachmann jaham zander staniek fmerz berger girish villani,0,1,0,1,zander zachmann ingwa staniek boud jaham,0,0,0,0,binner mlaurent ducroquet nlecureuil flambert bjacob bloos staniek sharan lunakl,0,0,0,0
125306,mkruisselbrink,models\kptcalendarmodel.cpp,danders,danders,rempt nikolaus zachmann jaham zander staniek fmerz berger girish villani,0,0,0,0,zander zachmann ingwa staniek boud jaham,0,0,0,0,binner mlaurent ducroquet nlecureuil flambert bjacob bloos staniek sharan lunakl,0,0,0,0
125306,mkruisselbrink,tool_curves\kis_tool_example.h,,rempt berger ,rempt nikolaus zachmann jaham zander staniek fmerz berger girish villani,0,0,0,0,zander zachmann ingwa staniek boud jaham,0,0,0,0,binner mlaurent ducroquet nlecureuil flambert bjacob bloos staniek sharan lunakl,0,0,0,0
125306,mkruisselbrink,RulerAssistantTool\kis_ruler_assistant_tool.h,berger,berger,rempt nikolaus zachmann jaham zander staniek fmerz berger girish villani,0,0,0,0,zander zachmann ingwa staniek boud jaham,0,0,0,0,binner mlaurent ducroquet nlecureuil flambert bjacob bloos staniek sharan lunakl,0,0,0,0
125306,mkruisselbrink,tool_curves\kis_tool_moutline.h,,rempt berger ,rempt nikolaus zachmann jaham zander staniek fmerz berger girish villani,0,0,0,0,zander zachmann ingwa staniek boud jaham,0,0,0,0,binner mlaurent ducroquet nlecureuil flambert bjacob bloos staniek sharan lunakl,0,0,0,0
125306,mkruisselbrink,tool_polygon\kis_tool_polygon.h,,rempt,rempt nikolaus zachmann jaham zander staniek fmerz berger girish villani,0,0,0,0,zander zachmann ingwa staniek boud jaham,0,0,0,0,binner mlaurent ducroquet nlecureuil flambert bjacob bloos staniek sharan lunakl,0,0,0,0
130922,mkruisselbrink,kformula1.3\KFormula13Import.cpp,,,rempt nikolaus zachmann jaham zander staniek fmerz berger girish villani,0,0,0,0,zander zachmann ingwa staniek boud jaham,0,0,0,0,page quique habacker scripty sebsauer anagl jriddell lukast fela ingwa,0,0,0,0
130922,mkruisselbrink,import\wpimport.h,,ingwa,rempt nikolaus zachmann jaham zander staniek fmerz berger girish villani,0,0,0,0,zander zachmann ingwa staniek boud jaham,0,0,0,0,page quique habacker scripty sebsauer anagl jriddell lukast fela ingwa,0,0,0,0
130922,mkruisselbrink,wml\wmlimport.h,,,rempt nikolaus zachmann jaham zander staniek fmerz berger girish villani,0,0,0,0,zander zachmann ingwa staniek boud jaham,0,0,0,0,page quique habacker scripty sebsauer anagl jriddell lukast fela ingwa,0,0,0,0
130922,mkruisselbrink,abiword\abiwordimport.h,,,rempt nikolaus zachmann jaham zander staniek fmerz berger girish villani,0,0,0,0,zander zachmann ingwa staniek boud jaham,0,0,0,0,page quique habacker scripty sebsauer anagl jriddell lukast fela ingwa,0,0,0,0
130922,mkruisselbrink,pdf\pdfimport.cpp,,jaham rempt ingwa ,rempt nikolaus zachmann jaham zander staniek fmerz berger girish villani,0,0,0,0,zander zachmann ingwa staniek boud jaham,0,0,0,0,page quique habacker scripty sebsauer anagl jriddell lukast fela ingwa,0,0,0,0
130922,mkruisselbrink,amipro\amiproimport.h,,,rempt nikolaus zachmann jaham zander staniek fmerz berger girish villani,0,0,0,0,zander zachmann ingwa staniek boud jaham,0,0,0,0,page quique habacker scripty sebsauer anagl jriddell lukast fela ingwa,0,0,0,0
130922,mkruisselbrink,import\excelimport.h,,ingwa,rempt nikolaus zachmann jaham zander staniek fmerz berger girish villani,0,0,0,0,zander zachmann ingwa staniek boud jaham,0,0,0,0,page quique habacker scripty sebsauer anagl jriddell lukast fela ingwa,0,0,0,0
130922,mkruisselbrink,pdf\kis_pdf_import.cpp,rempt,jaham rempt ingwa ,rempt nikolaus zachmann jaham zander staniek fmerz berger girish villani,0,0,0,0,zander zachmann ingwa staniek boud jaham,0,0,0,0,page quique habacker scripty sebsauer anagl jriddell lukast fela ingwa,0,0,0,0
130922,mkruisselbrink,import\xsltimport.h,,ingwa,rempt nikolaus zachmann jaham zander staniek fmerz berger girish villani,0,0,0,0,zander zachmann ingwa staniek boud jaham,0,0,0,0,page quique habacker scripty sebsauer anagl jriddell lukast fela ingwa,0,0,0,0
130922,mkruisselbrink,xaml\xamlimport.h,,,rempt nikolaus zachmann jaham zander staniek fmerz berger girish villani,0,0,0,0,zander zachmann ingwa staniek boud jaham,0,0,0,0,page quique habacker scripty sebsauer anagl jriddell lukast fela ingwa,0,0,0,0
137639,langkamp,common\KarbonGradientHelper.cpp,jaham,piggz jaham zachmann fmerz mkruisselbrink ,rempt nikolaus zachmann jaham zander staniek fmerz berger girish villani,0,0,0,0,zander zachmann ingwa staniek boud jaham,0,0,0,0,ariya lueck tamponi coolo jpetso adrian roop knight coppens mwoehlke,0,0,0,0
137639,langkamp,svg\SvgGradientHelper.cpp,,jaham zander psn ,rempt nikolaus zachmann jaham zander staniek fmerz berger girish villani,0,0,0,0,zander zachmann ingwa staniek boud jaham,0,0,0,0,ariya lueck tamponi coolo jpetso adrian roop knight coppens mwoehlke,0,0,0,0
137639,langkamp,flake\KoGradientBackground.cpp,jaham zachmann ,jaham zachmann zander staniek nikolaus boemann mkruisselbrink jsimon rempt clicea ,rempt nikolaus zachmann jaham zander staniek fmerz berger girish villani,0,0,0,0,zander zachmann ingwa staniek boud jaham,0,0,0,0,ariya lueck tamponi coolo jpetso adrian roop knight coppens mwoehlke,0,0,0,0
137639,langkamp,widgets\KarbonGradientChooser.cpp,,rempt jaham fmerz mkruisselbrink pstirnweiss zander berger ,rempt nikolaus zachmann jaham zander staniek fmerz berger girish villani,0,0,0,0,zander zachmann ingwa staniek boud jaham,0,0,0,0,ariya lueck tamponi coolo jpetso adrian roop knight coppens mwoehlke,0,0,0,0
137639,langkamp,tools\KarbonGradientEditStrategy.cpp,jaham mkruisselbrink ,jaham zander boemann fela zachmann mkruisselbrink ,rempt nikolaus zachmann jaham zander staniek fmerz berger girish villani,0,0,0,0,zander zachmann ingwa staniek boud jaham,0,0,0,0,ariya lueck tamponi coolo jpetso adrian roop knight coppens mwoehlke,0,0,0,0
137639,langkamp,tools\KarbonGradientEditStrategy.cpp,jaham mkruisselbrink ,jaham zander boemann fela zachmann mkruisselbrink ,rempt nikolaus zachmann jaham zander staniek fmerz berger girish villani,0,0,0,0,zander zachmann ingwa staniek boud jaham,0,0,0,0,ariya lueck tamponi coolo jpetso adrian roop knight coppens mwoehlke,0,0,0,0
137639,langkamp,opengl\kis_opengl_gradient_program.cpp,tburdick,tburdick rempt ,rempt nikolaus zachmann jaham zander staniek fmerz berger girish villani,0,0,0,0,zander zachmann ingwa staniek boud jaham,0,0,0,0,ariya lueck tamponi coolo jpetso adrian roop knight coppens mwoehlke,0,0,0,0
137639,langkamp,widgets\KarbonGradientItem.cpp,,rempt jaham fmerz mkruisselbrink pstirnweiss zander berger ,rempt nikolaus zachmann jaham zander staniek fmerz berger girish villani,0,0,0,0,zander zachmann ingwa staniek boud jaham,0,0,0,0,ariya lueck tamponi coolo jpetso adrian roop knight coppens mwoehlke,0,0,0,0
137639,langkamp,widgets\KarbonGradientEditWidget.cpp,,rempt jaham fmerz mkruisselbrink pstirnweiss zander berger ,rempt nikolaus zachmann jaham zander staniek fmerz berger girish villani,0,0,0,0,zander zachmann ingwa staniek boud jaham,0,0,0,0,ariya lueck tamponi coolo jpetso adrian roop knight coppens mwoehlke,0,0,0,0
137639,langkamp,tools\KarbonGradientEditStrategy.cpp,jaham mkruisselbrink ,jaham zander boemann fela zachmann mkruisselbrink ,rempt nikolaus zachmann jaham zander staniek fmerz berger girish villani,0,0,0,0,zander zachmann ingwa staniek boud jaham,0,0,0,0,ariya lueck tamponi coolo jpetso adrian roop knight coppens mwoehlke,0,0,0,0
140603,mkruisselbrink,kspread\DependencyManager.cpp,nikolaus,nikolaus zander chehrlic jsimon staniek mlaurent ,rempt nikolaus zachmann jaham zander staniek fmerz berger girish villani,0,0,0,0,zander zachmann ingwa staniek boud jaham,0,0,0,0,ereslibre roop schmeisser fela nlecureuil dang rempt ducroquet psn zachmann,0,0,0,0
140603,mkruisselbrink,kspread\OdfSavingContext.h,nikolaus,nikolaus zander chehrlic jsimon staniek mlaurent ,rempt nikolaus zachmann jaham zander staniek fmerz berger girish villani,0,0,0,0,zander zachmann ingwa staniek boud jaham,0,0,0,0,ereslibre roop schmeisser fela nlecureuil dang rempt ducroquet psn zachmann,0,0,0,0
140603,mkruisselbrink,commands\LinkCommand.cpp,nikolaus,nikolaus pstirnweiss jaham zander ducroquet zachmann sebsauer mkruisselbrink mlaurent girish ,rempt nikolaus zachmann jaham zander staniek fmerz berger girish villani,0,1,0,1,zander zachmann ingwa staniek boud jaham,0,0,0,0,ereslibre roop schmeisser fela nlecureuil dang rempt ducroquet psn zachmann,0,0,0,0
140603,mkruisselbrink,kspread\Damages.cpp,,nikolaus zander chehrlic jsimon staniek mlaurent ,rempt nikolaus zachmann jaham zander staniek fmerz berger girish villani,0,0,0,0,zander zachmann ingwa staniek boud jaham,0,0,0,0,ereslibre roop schmeisser fela nlecureuil dang rempt ducroquet psn zachmann,0,0,0,0
140603,mkruisselbrink,kspread\RecalcManager.cpp,nikolaus,nikolaus zander chehrlic jsimon staniek mlaurent ,rempt nikolaus zachmann jaham zander staniek fmerz berger girish villani,0,0,0,0,zander zachmann ingwa staniek boud jaham,0,0,0,0,ereslibre roop schmeisser fela nlecureuil dang rempt ducroquet psn zachmann,0,0,0,0
140603,mkruisselbrink,msword\tablehandler.cpp,dfaure,dfaure,rempt nikolaus zachmann jaham zander staniek fmerz berger girish villani,0,0,0,0,zander zachmann ingwa staniek boud jaham,0,0,0,0,ereslibre roop schmeisser fela nlecureuil dang rempt ducroquet psn zachmann,0,0,0,0
140603,mkruisselbrink,opencalc\opencalcstyleexport.h,,nikolaus,rempt nikolaus zachmann jaham zander staniek fmerz berger girish villani,0,0,0,0,zander zachmann ingwa staniek boud jaham,0,0,0,0,ereslibre roop schmeisser fela nlecureuil dang rempt ducroquet psn zachmann,0,0,0,0
140603,mkruisselbrink,qpro\record.h,,nikolaus,rempt nikolaus zachmann jaham zander staniek fmerz berger girish villani,0,0,0,0,zander zachmann ingwa staniek boud jaham,0,0,0,0,ereslibre roop schmeisser fela nlecureuil dang rempt ducroquet psn zachmann,0,0,0,0
140603,mkruisselbrink,ui\SheetView.cpp,nikolaus,rempt danders nikolaus berger langkamp mkruisselbrink flambert zachmann jaham zander ,rempt nikolaus zachmann jaham zander staniek fmerz berger girish villani,0,1,0,1,zander zachmann ingwa staniek boud jaham,0,0,0,0,ereslibre roop schmeisser fela nlecureuil dang rempt ducroquet psn zachmann,0,0,0,0
140603,mkruisselbrink,commands\Undo.h,nikolaus,nikolaus pstirnweiss jaham zander ducroquet zachmann sebsauer mkruisselbrink mlaurent girish ,rempt nikolaus zachmann jaham zander staniek fmerz berger girish villani,0,1,0,1,zander zachmann ingwa staniek boud jaham,0,0,0,0,ereslibre roop schmeisser fela nlecureuil dang rempt ducroquet psn zachmann,0,0,0,0
141536,berger,commands\kis_layer_commands.h,,nikolaus pstirnweiss jaham zander ducroquet zachmann sebsauer mkruisselbrink mlaurent girish ,rempt nikolaus zachmann jaham zander staniek fmerz berger girish villani,0,0,1,1,zander zachmann ingwa staniek boud jaham,0,0,0,0,apaku villani berger pino dmeltzer lukast roop johnflux jlayt fmerz,1,1,1,1
141536,berger,kritacore\krs_paint_layer.cpp,,rempt,rempt nikolaus zachmann jaham zander staniek fmerz berger girish villani,0,0,1,1,zander zachmann ingwa staniek boud jaham,0,0,0,0,apaku villani berger pino dmeltzer lukast roop johnflux jlayt fmerz,1,1,1,1
141536,berger,kra\kis_kra_savexml_visitor.cpp,,rempt,rempt nikolaus zachmann jaham zander staniek fmerz berger girish villani,0,0,1,1,zander zachmann ingwa staniek boud jaham,0,0,0,0,apaku villani berger pino dmeltzer lukast roop johnflux jlayt fmerz,1,1,1,1
141536,berger,commands\KarbonLayerReorderCommand.cpp,,nikolaus pstirnweiss jaham zander ducroquet zachmann sebsauer mkruisselbrink mlaurent girish ,rempt nikolaus zachmann jaham zander staniek fmerz berger girish villani,0,0,1,1,zander zachmann ingwa staniek boud jaham,0,0,0,0,apaku villani berger pino dmeltzer lukast roop johnflux jlayt fmerz,1,1,1,1
141536,berger,tests\kis_image_test.cpp,,nikolaus girish berger rempt zander zachmann ducroquet sebsauer bjacob jsimon ,rempt nikolaus zachmann jaham zander staniek fmerz berger girish villani,0,1,1,1,zander zachmann ingwa staniek boud jaham,0,0,0,0,apaku villani berger pino dmeltzer lukast roop johnflux jlayt fmerz,1,1,1,1
141536,berger,ui\kis_layer_manager.h,,rempt danders nikolaus berger langkamp mkruisselbrink flambert zachmann jaham zander ,rempt nikolaus zachmann jaham zander staniek fmerz berger girish villani,0,1,1,1,zander zachmann ingwa staniek boud jaham,0,0,0,0,apaku villani berger pino dmeltzer lukast roop johnflux jlayt fmerz,1,1,1,1
141536,berger,openrastertk\kis_open_raster_stack_save_visitor.cpp,rempt,rempt,rempt nikolaus zachmann jaham zander staniek fmerz berger girish villani,0,0,1,1,zander zachmann ingwa staniek boud jaham,0,0,0,0,apaku villani berger pino dmeltzer lukast roop johnflux jlayt fmerz,1,1,1,1
141536,berger,image\kis_colorspace_convert_visitor.cpp,,rempt berger langkamp bjacob lukast mlaurent mkruisselbrink adridg sengels ,rempt nikolaus zachmann jaham zander staniek fmerz berger girish villani,0,1,1,1,zander zachmann ingwa staniek boud jaham,0,0,0,0,apaku villani berger pino dmeltzer lukast roop johnflux jlayt fmerz,1,1,1,1
141536,berger,dockers\KarbonLayerDocker.cpp,jaham,jaham boemann zachmann psn zander ingwa fmerz clicea ,rempt nikolaus zachmann jaham zander staniek fmerz berger girish villani,0,0,1,1,zander zachmann ingwa staniek boud jaham,0,0,0,0,apaku villani berger pino dmeltzer lukast roop johnflux jlayt fmerz,1,1,1,1
141536,berger,ui\kis_layermap_visitor.h,,rempt danders nikolaus berger langkamp mkruisselbrink flambert zachmann jaham zander ,rempt nikolaus zachmann jaham zander staniek fmerz berger girish villani,0,1,1,1,zander zachmann ingwa staniek boud jaham,0,0,0,0,apaku villani berger pino dmeltzer lukast roop johnflux jlayt fmerz,1,1,1,1
156754,langkamp,flake\KoImageData.cpp,jaham,jaham zachmann zander staniek nikolaus boemann mkruisselbrink jsimon rempt clicea ,rempt nikolaus zachmann jaham zander staniek fmerz berger girish villani,0,0,0,0,zander zachmann ingwa staniek boud jaham,0,0,0,0,boemann pfau lukast rodda langkamp page ariya vkrause scripty ducroquet,1,1,1,1
156754,langkamp,commands\kis_image_commands.h,,nikolaus pstirnweiss jaham zander ducroquet zachmann sebsauer mkruisselbrink mlaurent girish ,rempt nikolaus zachmann jaham zander staniek fmerz berger girish villani,0,0,0,0,zander zachmann ingwa staniek boud jaham,0,0,0,0,boemann pfau lukast rodda langkamp page ariya vkrause scripty ducroquet,1,1,1,1
156754,langkamp,flake\KoImageCollection.cpp,zachmann jaham ,jaham zachmann zander staniek nikolaus boemann mkruisselbrink jsimon rempt clicea ,rempt nikolaus zachmann jaham zander staniek fmerz berger girish villani,0,0,0,0,zander zachmann ingwa staniek boud jaham,0,0,0,0,boemann pfau lukast rodda langkamp page ariya vkrause scripty ducroquet,1,1,1,1
156754,langkamp,tests\TestImageCollection.cpp,,nikolaus girish berger rempt zander zachmann ducroquet sebsauer bjacob jsimon ,rempt nikolaus zachmann jaham zander staniek fmerz berger girish villani,0,0,0,0,zander zachmann ingwa staniek boud jaham,0,0,0,0,boemann pfau lukast rodda langkamp page ariya vkrause scripty ducroquet,1,1,1,1
156754,langkamp,tests\kis_image_test.cpp,,nikolaus girish berger rempt zander zachmann ducroquet sebsauer bjacob jsimon ,rempt nikolaus zachmann jaham zander staniek fmerz berger girish villani,0,0,0,0,zander zachmann ingwa staniek boud jaham,0,0,0,0,boemann pfau lukast rodda langkamp page ariya vkrause scripty ducroquet,1,1,1,1
156754,langkamp,ui\kis_print_job.cpp,rempt,rempt danders nikolaus berger langkamp mkruisselbrink flambert zachmann jaham zander ,rempt nikolaus zachmann jaham zander staniek fmerz berger girish villani,0,1,0,1,zander zachmann ingwa staniek boud jaham,0,0,0,0,boemann pfau lukast rodda langkamp page ariya vkrause scripty ducroquet,1,1,1,1
156754,langkamp,canvas\kis_prescaled_projection.cpp,berger rempt mkruisselbrink ,berger rempt mkruisselbrink jsimon pstirnweiss langkamp bjacob ,rempt nikolaus zachmann jaham zander staniek fmerz berger girish villani,0,1,0,1,zander zachmann ingwa staniek boud jaham,0,0,0,0,boemann pfau lukast rodda langkamp page ariya vkrause scripty ducroquet,1,1,1,1
156754,langkamp,commands\kis_image_commands.h,,nikolaus pstirnweiss jaham zander ducroquet zachmann sebsauer mkruisselbrink mlaurent girish ,rempt nikolaus zachmann jaham zander staniek fmerz berger girish villani,0,0,0,0,zander zachmann ingwa staniek boud jaham,0,0,0,0,boemann pfau lukast rodda langkamp page ariya vkrause scripty ducroquet,1,1,1,1
156754,langkamp,flake\KoImageData_p.cpp,,jaham zachmann zander staniek nikolaus boemann mkruisselbrink jsimon rempt clicea ,rempt nikolaus zachmann jaham zander staniek fmerz berger girish villani,0,0,0,0,zander zachmann ingwa staniek boud jaham,0,0,0,0,boemann pfau lukast rodda langkamp page ariya vkrause scripty ducroquet,1,1,1,1
156754,langkamp,genericimageexport\genericimageexport.cpp,,,rempt nikolaus zachmann jaham zander staniek fmerz berger girish villani,0,0,0,0,zander zachmann ingwa staniek boud jaham,0,0,0,0,boemann pfau lukast rodda langkamp page ariya vkrause scripty ducroquet,1,1,1,1
162872,berger,pigment\KoColorSpaceAbstract.h,fmerz berger ,fmerz rempt berger mkruisselbrink lukast ,rempt nikolaus zachmann jaham zander staniek fmerz berger girish villani,1,1,1,1,zander zachmann ingwa staniek boud jaham,0,0,0,0,mueller dmeltzer djarvie rodda jriddell hdhoang bcail tokoe bhards ducroquet,0,0,0,0
162872,berger,image\kis_node_filter_interface.h,,rempt berger langkamp bjacob lukast mlaurent mkruisselbrink adridg sengels ,rempt nikolaus zachmann jaham zander staniek fmerz berger girish villani,0,1,1,1,zander zachmann ingwa staniek boud jaham,0,0,0,0,mueller dmeltzer djarvie rodda jriddell hdhoang bcail tokoe bhards ducroquet,0,0,0,0
162872,berger,main\KoFilterChain.cpp,fmerz dfaure ,jaham fmerz rempt staniek villani boemann langkamp nikolaus dfaure astan ,rempt nikolaus zachmann jaham zander staniek fmerz berger girish villani,0,0,1,1,zander zachmann ingwa staniek boud jaham,0,0,0,0,mueller dmeltzer djarvie rodda jriddell hdhoang bcail tokoe bhards ducroquet,0,0,0,0
162872,berger,image\kis_filter_mask.cpp,rempt,rempt berger langkamp bjacob lukast mlaurent mkruisselbrink adridg sengels ,rempt nikolaus zachmann jaham zander staniek fmerz berger girish villani,0,1,1,1,zander zachmann ingwa staniek boud jaham,0,0,0,0,mueller dmeltzer djarvie rodda jriddell hdhoang bcail tokoe bhards ducroquet,0,0,0,0
162872,berger,metadata\kis_meta_data_filter_registry.h,,rempt berger ,rempt nikolaus zachmann jaham zander staniek fmerz berger girish villani,0,1,1,1,zander zachmann ingwa staniek boud jaham,0,0,0,0,mueller dmeltzer djarvie rodda jriddell hdhoang bcail tokoe bhards ducroquet,0,0,0,0
162872,berger,pigment\KoBasicHistogramProducers.cpp,,fmerz rempt berger mkruisselbrink lukast ,rempt nikolaus zachmann jaham zander staniek fmerz berger girish villani,0,1,1,1,zander zachmann ingwa staniek boud jaham,0,0,0,0,mueller dmeltzer djarvie rodda jriddell hdhoang bcail tokoe bhards ducroquet,0,0,0,0
162872,berger,mswrite\mswriteimport.h,,,rempt nikolaus zachmann jaham zander staniek fmerz berger girish villani,0,0,1,1,zander zachmann ingwa staniek boud jaham,0,0,0,0,mueller dmeltzer djarvie rodda jriddell hdhoang bcail tokoe bhards ducroquet,0,0,0,0
162872,berger,dialogs\kis_dlg_filter.cpp,rempt,nikolaus zander girish rempt roop ducroquet sebsauer jaham mlaurent zachmann ,rempt nikolaus zachmann jaham zander staniek fmerz berger girish villani,0,0,1,1,zander zachmann ingwa staniek boud jaham,0,0,0,0,mueller dmeltzer djarvie rodda jriddell hdhoang bcail tokoe bhards ducroquet,0,0,0,0
162872,berger,pigment\KoBasicHistogramProducers.cpp,,fmerz rempt berger mkruisselbrink lukast ,rempt nikolaus zachmann jaham zander staniek fmerz berger girish villani,0,1,1,1,zander zachmann ingwa staniek boud jaham,0,0,0,0,mueller dmeltzer djarvie rodda jriddell hdhoang bcail tokoe bhards ducroquet,0,0,0,0
162872,berger,pigment\KoBasicHistogramProducers.cpp,,fmerz rempt berger mkruisselbrink lukast ,rempt nikolaus zachmann jaham zander staniek fmerz berger girish villani,0,1,1,1,zander zachmann ingwa staniek boud jaham,0,0,0,0,mueller dmeltzer djarvie rodda jriddell hdhoang bcail tokoe bhards ducroquet,0,0,0,0
164688,berger,guiutils\KoCopyController.cpp,,jaham boemann zander nikolaus sebsauer mkruisselbrink rempt fmerz staniek danders ,rempt nikolaus zachmann jaham zander staniek fmerz berger girish villani,0,0,1,1,zander zachmann ingwa staniek boud jaham,0,0,0,0,dang chehrlic berger fmerz habacker lunakl jdandres ariya mlaurent astan,1,1,1,1
164688,berger,flake\KoToolSelection.cpp,,jaham zachmann zander staniek nikolaus boemann mkruisselbrink jsimon rempt clicea ,rempt nikolaus zachmann jaham zander staniek fmerz berger girish villani,0,0,1,1,zander zachmann ingwa staniek boud jaham,0,0,0,0,dang chehrlic berger fmerz habacker lunakl jdandres ariya mlaurent astan,1,1,1,1
164688,berger,defaulttool\DefaultTool.cpp,jaham zachmann ,jaham zachmann ,rempt nikolaus zachmann jaham zander staniek fmerz berger girish villani,0,0,1,1,zander zachmann ingwa staniek boud jaham,0,0,0,0,dang chehrlic berger fmerz habacker lunakl jdandres ariya mlaurent astan,1,1,1,1
164688,berger,tool_curves\kis_tool_moutline.h,,rempt berger ,rempt nikolaus zachmann jaham zander staniek fmerz berger girish villani,0,1,1,1,zander zachmann ingwa staniek boud jaham,0,0,0,0,dang chehrlic berger fmerz habacker lunakl jdandres ariya mlaurent astan,1,1,1,1
164688,berger,tool\kis_selection_tool_helper.cpp,,,rempt nikolaus zachmann jaham zander staniek fmerz berger girish villani,0,0,1,1,zander zachmann ingwa staniek boud jaham,0,0,0,0,dang chehrlic berger fmerz habacker lunakl jdandres ariya mlaurent astan,1,1,1,1
164688,berger,selectiontools\kis_tool_select_eraser.h,,rempt langkamp zander mkruisselbrink ,rempt nikolaus zachmann jaham zander staniek fmerz berger girish villani,0,0,1,1,zander zachmann ingwa staniek boud jaham,0,0,0,0,dang chehrlic berger fmerz habacker lunakl jdandres ariya mlaurent astan,1,1,1,1
164688,berger,tool_curves\kis_tool_example.h,,rempt berger ,rempt nikolaus zachmann jaham zander staniek fmerz berger girish villani,0,1,1,1,zander zachmann ingwa staniek boud jaham,0,0,0,0,dang chehrlic berger fmerz habacker lunakl jdandres ariya mlaurent astan,1,1,1,1
164688,berger,selectiontools\kis_tool_select_polygonal.h,,rempt langkamp zander mkruisselbrink ,rempt nikolaus zachmann jaham zander staniek fmerz berger girish villani,0,0,1,1,zander zachmann ingwa staniek boud jaham,0,0,0,0,dang chehrlic berger fmerz habacker lunakl jdandres ariya mlaurent astan,1,1,1,1
164688,berger,selectiontools\kis_tool_select_contiguous.h,,rempt langkamp zander mkruisselbrink ,rempt nikolaus zachmann jaham zander staniek fmerz berger girish villani,0,0,1,1,zander zachmann ingwa staniek boud jaham,0,0,0,0,dang chehrlic berger fmerz habacker lunakl jdandres ariya mlaurent astan,1,1,1,1
164688,berger,selectiontools\kis_tool_select_outline.h,,rempt langkamp zander mkruisselbrink ,rempt nikolaus zachmann jaham zander staniek fmerz berger girish villani,0,0,1,1,zander zachmann ingwa staniek boud jaham,0,0,0,0,dang chehrlic berger fmerz habacker lunakl jdandres ariya mlaurent astan,1,1,1,1
166966,langkamp,textshape\ChangeTracker.cpp,,fmerz zander ducroquet girish sebsauer zachmann roop staniek boemann mkruisselbrink ,rempt nikolaus zachmann jaham zander staniek fmerz berger girish villani,0,0,0,0,zander zachmann ingwa staniek boud jaham,0,0,0,0,danders sebsauer apaku djarvie stepin rempt staniek chehrlic annma jriddell,0,0,0,0
166966,langkamp,kotext\KoVariable.cpp,,girish zander ducroquet sebsauer roop staniek mkruisselbrink zachmann fmerz dfaure ,rempt nikolaus zachmann jaham zander staniek fmerz berger girish villani,0,0,0,0,zander zachmann ingwa staniek boud jaham,0,0,0,0,danders sebsauer apaku djarvie stepin rempt staniek chehrlic annma jriddell,0,0,0,0
166966,langkamp,tests\documentstructuretest.cpp,girish,nikolaus girish berger rempt zander zachmann ducroquet sebsauer bjacob jsimon ,rempt nikolaus zachmann jaham zander staniek fmerz berger girish villani,0,0,0,0,zander zachmann ingwa staniek boud jaham,0,0,0,0,danders sebsauer apaku djarvie stepin rempt staniek chehrlic annma jriddell,0,0,0,0
166966,langkamp,import\kwordfilter.cpp,,ingwa,rempt nikolaus zachmann jaham zander staniek fmerz berger girish villani,0,0,0,0,zander zachmann ingwa staniek boud jaham,0,0,0,0,danders sebsauer apaku djarvie stepin rempt staniek chehrlic annma jriddell,0,0,0,0
166966,langkamp,libppt\powerpoint.cpp,,,rempt nikolaus zachmann jaham zander staniek fmerz berger girish villani,0,0,0,0,zander zachmann ingwa staniek boud jaham,0,0,0,0,danders sebsauer apaku djarvie stepin rempt staniek chehrlic annma jriddell,0,0,0,0
166966,langkamp,kernel\kptcommand.cpp,danders,danders fmerz ,rempt nikolaus zachmann jaham zander staniek fmerz berger girish villani,0,0,0,0,zander zachmann ingwa staniek boud jaham,0,0,0,0,danders sebsauer apaku djarvie stepin rempt staniek chehrlic annma jriddell,0,0,0,0
166966,langkamp,kernel\kptcommand.cpp,danders,danders fmerz ,rempt nikolaus zachmann jaham zander staniek fmerz berger girish villani,0,0,0,0,zander zachmann ingwa staniek boud jaham,0,0,0,0,danders sebsauer apaku djarvie stepin rempt staniek chehrlic annma jriddell,0,0,0,0
166966,langkamp,msword\mswordimport.cpp,dfaure,dfaure,rempt nikolaus zachmann jaham zander staniek fmerz berger girish villani,0,0,0,0,zander zachmann ingwa staniek boud jaham,0,0,0,0,danders sebsauer apaku djarvie stepin rempt staniek chehrlic annma jriddell,0,0,0,0
166966,langkamp,kernel\kptdocuments.cpp,danders,danders fmerz ,rempt nikolaus zachmann jaham zander staniek fmerz berger girish villani,0,0,0,0,zander zachmann ingwa staniek boud jaham,0,0,0,0,danders sebsauer apaku djarvie stepin rempt staniek chehrlic annma jriddell,0,0,0,0
166966,langkamp,kotext\KoTextDocument.cpp,girish,girish zander ducroquet sebsauer roop staniek mkruisselbrink zachmann fmerz dfaure ,rempt nikolaus zachmann jaham zander staniek fmerz berger girish villani,0,0,0,0,zander zachmann ingwa staniek boud jaham,0,0,0,0,danders sebsauer apaku djarvie stepin rempt staniek chehrlic annma jriddell,0,0,0,0
167009,zander,tests\TestBasicLayout.cpp,sebsauer ducroquet ,nikolaus girish berger rempt zander zachmann ducroquet sebsauer bjacob jsimon ,rempt nikolaus zachmann jaham zander staniek fmerz berger girish villani,0,1,1,1,zander zachmann ingwa staniek boud jaham,1,1,1,1,mfranz beaulen aseigo fela rempt menard coolo aacid dang dmeltzer,0,0,0,0
167009,zander,part\KWPageTextInfo.cpp,,zachmann fyanardi zander ducroquet boemann sebsauer nikolaus mkruisselbrink ingwa girish ,rempt nikolaus zachmann jaham zander staniek fmerz berger girish villani,0,1,1,1,zander zachmann ingwa staniek boud jaham,1,1,1,1,mfranz beaulen aseigo fela rempt menard coolo aacid dang dmeltzer,0,0,0,0
167009,zander,part\KWPageManager.cpp,zander sebsauer ducroquet ,zachmann fyanardi zander ducroquet boemann sebsauer nikolaus mkruisselbrink ingwa girish ,rempt nikolaus zachmann jaham zander staniek fmerz berger girish villani,1,1,1,1,zander zachmann ingwa staniek boud jaham,1,1,1,1,mfranz beaulen aseigo fela rempt menard coolo aacid dang dmeltzer,0,0,0,0
167009,zander,part\KWPageManager.cpp,zander sebsauer ducroquet ,zachmann fyanardi zander ducroquet boemann sebsauer nikolaus mkruisselbrink ingwa girish ,rempt nikolaus zachmann jaham zander staniek fmerz berger girish villani,1,1,1,1,zander zachmann ingwa staniek boud jaham,1,1,1,1,mfranz beaulen aseigo fela rempt menard coolo aacid dang dmeltzer,0,0,0,0
167009,zander,tests\TestPageManager.cpp,sebsauer ducroquet ,nikolaus girish berger rempt zander zachmann ducroquet sebsauer bjacob jsimon ,rempt nikolaus zachmann jaham zander staniek fmerz berger girish villani,0,1,1,1,zander zachmann ingwa staniek boud jaham,1,1,1,1,mfranz beaulen aseigo fela rempt menard coolo aacid dang dmeltzer,0,0,0,0
167009,zander,tests\KWPageManagerTester.cpp,,nikolaus girish berger rempt zander zachmann ducroquet sebsauer bjacob jsimon ,rempt nikolaus zachmann jaham zander staniek fmerz berger girish villani,0,1,1,1,zander zachmann ingwa staniek boud jaham,1,1,1,1,mfranz beaulen aseigo fela rempt menard coolo aacid dang dmeltzer,0,0,0,0
167009,zander,commands\KWPageInsertCommand.cpp,zander sebsauer ducroquet ,nikolaus pstirnweiss jaham zander ducroquet zachmann sebsauer mkruisselbrink mlaurent girish ,rempt nikolaus zachmann jaham zander staniek fmerz berger girish villani,1,1,1,1,zander zachmann ingwa staniek boud jaham,1,1,1,1,mfranz beaulen aseigo fela rempt menard coolo aacid dang dmeltzer,0,0,0,0
167009,zander,dialogs\KWPageSettingsDialog.cpp,zander sebsauer ducroquet nikolaus ,nikolaus zander girish rempt roop ducroquet sebsauer jaham mlaurent zachmann ,rempt nikolaus zachmann jaham zander staniek fmerz berger girish villani,1,1,1,1,zander zachmann ingwa staniek boud jaham,1,1,1,1,mfranz beaulen aseigo fela rempt menard coolo aacid dang dmeltzer,0,0,0,0
167009,zander,part\KPrMasterPage.cpp,,zachmann fyanardi zander ducroquet boemann sebsauer nikolaus mkruisselbrink ingwa girish ,rempt nikolaus zachmann jaham zander staniek fmerz berger girish villani,0,1,1,1,zander zachmann ingwa staniek boud jaham,1,1,1,1,mfranz beaulen aseigo fela rempt menard coolo aacid dang dmeltzer,0,0,0,0
167009,zander,commands\KPrPageEffectSetCommand.cpp,,nikolaus pstirnweiss jaham zander ducroquet zachmann sebsauer mkruisselbrink mlaurent girish ,rempt nikolaus zachmann jaham zander staniek fmerz berger girish villani,0,1,1,1,zander zachmann ingwa staniek boud jaham,1,1,1,1,mfranz beaulen aseigo fela rempt menard coolo aacid dang dmeltzer,0,0,0,0
167247,langkamp,resources\KoResourceServerObserver.h,,fmerz langkamp rempt ,rempt nikolaus zachmann jaham zander staniek fmerz berger girish villani,0,1,0,1,zander zachmann ingwa staniek boud jaham,0,0,0,0,tokoe astan mwoehlke rempt tburdick buis sharan sengels clicea bhards,0,0,0,0
167247,langkamp,resources\KoResourceServerAdapter.h,,fmerz langkamp rempt ,rempt nikolaus zachmann jaham zander staniek fmerz berger girish villani,0,1,0,1,zander zachmann ingwa staniek boud jaham,0,0,0,0,tokoe astan mwoehlke rempt tburdick buis sharan sengels clicea bhards,0,0,0,0
167247,langkamp,resources\KoResourceServer.h,fmerz,fmerz langkamp rempt ,rempt nikolaus zachmann jaham zander staniek fmerz berger girish villani,0,1,0,1,zander zachmann ingwa staniek boud jaham,0,0,0,0,tokoe astan mwoehlke rempt tburdick buis sharan sengels clicea bhards,0,0,0,0
167247,langkamp,resources\KoResourceServerAdapter.cpp,,fmerz langkamp rempt ,rempt nikolaus zachmann jaham zander staniek fmerz berger girish villani,0,1,0,1,zander zachmann ingwa staniek boud jaham,0,0,0,0,tokoe astan mwoehlke rempt tburdick buis sharan sengels clicea bhards,0,0,0,0
167247,langkamp,kernel\kptcommand.cpp,danders,danders fmerz ,rempt nikolaus zachmann jaham zander staniek fmerz berger girish villani,0,0,0,0,zander zachmann ingwa staniek boud jaham,0,0,0,0,tokoe astan mwoehlke rempt tburdick buis sharan sengels clicea bhards,0,0,0,0
167247,langkamp,kernel\kptcommand.cpp,danders,danders fmerz ,rempt nikolaus zachmann jaham zander staniek fmerz berger girish villani,0,0,0,0,zander zachmann ingwa staniek boud jaham,0,0,0,0,tokoe astan mwoehlke rempt tburdick buis sharan sengels clicea bhards,0,0,0,0
167247,langkamp,kernel\kptcommand.cpp,danders,danders fmerz ,rempt nikolaus zachmann jaham zander staniek fmerz berger girish villani,0,0,0,0,zander zachmann ingwa staniek boud jaham,0,0,0,0,tokoe astan mwoehlke rempt tburdick buis sharan sengels clicea bhards,0,0,0,0
167247,langkamp,kernel\kptresource.cpp,,,rempt nikolaus zachmann jaham zander staniek fmerz berger girish villani,0,0,0,0,zander zachmann ingwa staniek boud jaham,0,0,0,0,tokoe astan mwoehlke rempt tburdick buis sharan sengels clicea bhards,0,0,0,0
167247,langkamp,kernel\kptcommand.cpp,danders,danders fmerz ,rempt nikolaus zachmann jaham zander staniek fmerz berger girish villani,0,0,0,0,zander zachmann ingwa staniek boud jaham,0,0,0,0,tokoe astan mwoehlke rempt tburdick buis sharan sengels clicea bhards,0,0,0,0
167247,langkamp,kernel\kptcommand.cpp,danders,danders fmerz ,rempt nikolaus zachmann jaham zander staniek fmerz berger girish villani,0,0,0,0,zander zachmann ingwa staniek boud jaham,0,0,0,0,tokoe astan mwoehlke rempt tburdick buis sharan sengels clicea bhards,0,0,0,0
169696,jaham,tests\TestShapeReorderCommand.cpp,,nikolaus girish berger rempt zander zachmann ducroquet sebsauer bjacob jsimon ,rempt nikolaus zachmann jaham zander staniek fmerz berger girish villani,0,0,1,1,zander zachmann ingwa staniek boud jaham,1,1,1,1,sengels lukast zachmann anagl fmerz psn rodda jlayt mlaurent adrian,0,0,0,0
169696,jaham,commands\KoShapeReorderCommand.cpp,,nikolaus pstirnweiss jaham zander ducroquet zachmann sebsauer mkruisselbrink mlaurent girish ,rempt nikolaus zachmann jaham zander staniek fmerz berger girish villani,0,1,1,1,zander zachmann ingwa staniek boud jaham,1,1,1,1,sengels lukast zachmann anagl fmerz psn rodda jlayt mlaurent adrian,0,0,0,0
169696,jaham,commands\KoShapeShearCommand.cpp,,nikolaus pstirnweiss jaham zander ducroquet zachmann sebsauer mkruisselbrink mlaurent girish ,rempt nikolaus zachmann jaham zander staniek fmerz berger girish villani,0,1,1,1,zander zachmann ingwa staniek boud jaham,1,1,1,1,sengels lukast zachmann anagl fmerz psn rodda jlayt mlaurent adrian,0,0,0,0
169696,jaham,tests\MockShapes.h,zachmann pstirnweiss ,nikolaus girish berger rempt zander zachmann ducroquet sebsauer bjacob jsimon ,rempt nikolaus zachmann jaham zander staniek fmerz berger girish villani,0,0,1,1,zander zachmann ingwa staniek boud jaham,1,1,1,1,sengels lukast zachmann anagl fmerz psn rodda jlayt mlaurent adrian,0,0,0,0
169696,jaham,commands\KoShapeLockCommand.cpp,,nikolaus pstirnweiss jaham zander ducroquet zachmann sebsauer mkruisselbrink mlaurent girish ,rempt nikolaus zachmann jaham zander staniek fmerz berger girish villani,0,1,1,1,zander zachmann ingwa staniek boud jaham,1,1,1,1,sengels lukast zachmann anagl fmerz psn rodda jlayt mlaurent adrian,0,0,0,0
169696,jaham,commands\KoShapeMoveCommand.cpp,,nikolaus pstirnweiss jaham zander ducroquet zachmann sebsauer mkruisselbrink mlaurent girish ,rempt nikolaus zachmann jaham zander staniek fmerz berger girish villani,0,1,1,1,zander zachmann ingwa staniek boud jaham,1,1,1,1,sengels lukast zachmann anagl fmerz psn rodda jlayt mlaurent adrian,0,0,0,0
169696,jaham,commands\KoShapeKeepAspectRatioCommand.cpp,,nikolaus pstirnweiss jaham zander ducroquet zachmann sebsauer mkruisselbrink mlaurent girish ,rempt nikolaus zachmann jaham zander staniek fmerz berger girish villani,0,1,1,1,zander zachmann ingwa staniek boud jaham,1,1,1,1,sengels lukast zachmann anagl fmerz psn rodda jlayt mlaurent adrian,0,0,0,0
169696,jaham,commands\KoPADisplayMasterShapesCommand.cpp,,nikolaus pstirnweiss jaham zander ducroquet zachmann sebsauer mkruisselbrink mlaurent girish ,rempt nikolaus zachmann jaham zander staniek fmerz berger girish villani,0,1,1,1,zander zachmann ingwa staniek boud jaham,1,1,1,1,sengels lukast zachmann anagl fmerz psn rodda jlayt mlaurent adrian,0,0,0,0
169696,jaham,tests\TestSelection.cpp,zander jaham ,nikolaus girish berger rempt zander zachmann ducroquet sebsauer bjacob jsimon ,rempt nikolaus zachmann jaham zander staniek fmerz berger girish villani,1,0,1,1,zander zachmann ingwa staniek boud jaham,1,1,1,1,sengels lukast zachmann anagl fmerz psn rodda jlayt mlaurent adrian,0,0,0,0
169696,jaham,commands\KoPathBaseCommand.cpp,,nikolaus pstirnweiss jaham zander ducroquet zachmann sebsauer mkruisselbrink mlaurent girish ,rempt nikolaus zachmann jaham zander staniek fmerz berger girish villani,0,1,1,1,zander zachmann ingwa staniek boud jaham,1,1,1,1,sengels lukast zachmann anagl fmerz psn rodda jlayt mlaurent adrian,0,0,0,0
171969,jaham,flake\ShapeDeleter_p.cpp,,jaham zachmann zander staniek nikolaus boemann mkruisselbrink jsimon rempt clicea ,rempt nikolaus zachmann jaham zander staniek fmerz berger girish villani,0,1,1,1,zander zachmann ingwa staniek boud jaham,1,1,1,1,roop pletourn fmerz sebsauer jaham ereslibre bcail tokoe menard psn,1,1,1,1
171969,jaham,shape\KritaShapeFactory.cpp,,jsimon ingwa nikolaus zander zachmann staniek boemann mlaurent adridg ,rempt nikolaus zachmann jaham zander staniek fmerz berger girish villani,0,0,1,1,zander zachmann ingwa staniek boud jaham,1,1,1,1,roop pletourn fmerz sebsauer jaham ereslibre bcail tokoe menard psn,1,1,1,1
171969,jaham,flake\KoShapeManager.cpp,,,rempt nikolaus zachmann jaham zander staniek fmerz berger girish villani,0,0,1,1,zander zachmann ingwa staniek boud jaham,1,1,1,1,roop pletourn fmerz sebsauer jaham ereslibre bcail tokoe menard psn,1,1,1,1
171969,jaham,shapeselector\Canvas.cpp,pstirnweiss,zachmann pstirnweiss zander mkruisselbrink ,rempt nikolaus zachmann jaham zander staniek fmerz berger girish villani,0,0,1,1,zander zachmann ingwa staniek boud jaham,1,1,1,1,roop pletourn fmerz sebsauer jaham ereslibre bcail tokoe menard psn,1,1,1,1
171969,jaham,divineProportion\Intro.cpp,,,rempt nikolaus zachmann jaham zander staniek fmerz berger girish villani,0,0,1,1,zander zachmann ingwa staniek boud jaham,1,1,1,1,roop pletourn fmerz sebsauer jaham ereslibre bcail tokoe menard psn,1,1,1,1
171969,jaham,flake\KoShapeManager.cpp,jsimon jaham ,jaham zachmann zander staniek nikolaus boemann mkruisselbrink jsimon rempt clicea ,rempt nikolaus zachmann jaham zander staniek fmerz berger girish villani,1,1,1,1,zander zachmann ingwa staniek boud jaham,1,1,1,1,roop pletourn fmerz sebsauer jaham ereslibre bcail tokoe menard psn,1,1,1,1
171969,jaham,shapeproperties\ShapePropertiesDocker.cpp,,,rempt nikolaus zachmann jaham zander staniek fmerz berger girish villani,0,0,1,1,zander zachmann ingwa staniek boud jaham,1,1,1,1,roop pletourn fmerz sebsauer jaham ereslibre bcail tokoe menard psn,1,1,1,1
171969,jaham,commands\KoShapeCreateCommand.cpp,,nikolaus pstirnweiss jaham zander ducroquet zachmann sebsauer mkruisselbrink mlaurent girish ,rempt nikolaus zachmann jaham zander staniek fmerz berger girish villani,0,1,1,1,zander zachmann ingwa staniek boud jaham,1,1,1,1,roop pletourn fmerz sebsauer jaham ereslibre bcail tokoe menard psn,1,1,1,1
171969,jaham,flake\KoShapeControllerBase.h,,jaham zachmann zander staniek nikolaus boemann mkruisselbrink jsimon rempt clicea ,rempt nikolaus zachmann jaham zander staniek fmerz berger girish villani,0,1,1,1,zander zachmann ingwa staniek boud jaham,1,1,1,1,roop pletourn fmerz sebsauer jaham ereslibre bcail tokoe menard psn,1,1,1,1
171969,jaham,divineProportion\DivineProportionShapeFactory.cpp,,zachmann,rempt nikolaus zachmann jaham zander staniek fmerz berger girish villani,0,0,1,1,zander zachmann ingwa staniek boud jaham,1,1,1,1,roop pletourn fmerz sebsauer jaham ereslibre bcail tokoe menard psn,1,1,1,1
173354,zachmann,part\KWPageTextInfo.cpp,,zachmann fyanardi zander ducroquet boemann sebsauer nikolaus mkruisselbrink ingwa girish ,rempt nikolaus zachmann jaham zander staniek fmerz berger girish villani,0,1,1,1,zander zachmann ingwa staniek boud jaham,1,1,1,1,simon abeaumont bloos buis montanaro habacker berger krake lueck fmerz,0,0,0,0
173354,zachmann,part\KWPageManager.cpp,zander sebsauer ducroquet ,zachmann fyanardi zander ducroquet boemann sebsauer nikolaus mkruisselbrink ingwa girish ,rempt nikolaus zachmann jaham zander staniek fmerz berger girish villani,0,1,1,1,zander zachmann ingwa staniek boud jaham,1,1,1,1,simon abeaumont bloos buis montanaro habacker berger krake lueck fmerz,0,0,0,0
173354,zachmann,part\KWPageManager.cpp,zander sebsauer ducroquet ,zachmann fyanardi zander ducroquet boemann sebsauer nikolaus mkruisselbrink ingwa girish ,rempt nikolaus zachmann jaham zander staniek fmerz berger girish villani,0,1,1,1,zander zachmann ingwa staniek boud jaham,1,1,1,1,simon abeaumont bloos buis montanaro habacker berger krake lueck fmerz,0,0,0,0
173354,zachmann,tests\TestBasicLayout.cpp,sebsauer ducroquet ,nikolaus girish berger rempt zander zachmann ducroquet sebsauer bjacob jsimon ,rempt nikolaus zachmann jaham zander staniek fmerz berger girish villani,0,1,1,1,zander zachmann ingwa staniek boud jaham,1,1,1,1,simon abeaumont bloos buis montanaro habacker berger krake lueck fmerz,0,0,0,0
173354,zachmann,tests\TestPageManager.cpp,sebsauer ducroquet ,nikolaus girish berger rempt zander zachmann ducroquet sebsauer bjacob jsimon ,rempt nikolaus zachmann jaham zander staniek fmerz berger girish villani,0,1,1,1,zander zachmann ingwa staniek boud jaham,1,1,1,1,simon abeaumont bloos buis montanaro habacker berger krake lueck fmerz,0,0,0,0
173354,zachmann,tests\KWPageManagerTester.cpp,,nikolaus girish berger rempt zander zachmann ducroquet sebsauer bjacob jsimon ,rempt nikolaus zachmann jaham zander staniek fmerz berger girish villani,0,1,1,1,zander zachmann ingwa staniek boud jaham,1,1,1,1,simon abeaumont bloos buis montanaro habacker berger krake lueck fmerz,0,0,0,0
173354,zachmann,part\KPrMasterPage.cpp,,zachmann fyanardi zander ducroquet boemann sebsauer nikolaus mkruisselbrink ingwa girish ,rempt nikolaus zachmann jaham zander staniek fmerz berger girish villani,0,1,1,1,zander zachmann ingwa staniek boud jaham,1,1,1,1,simon abeaumont bloos buis montanaro habacker berger krake lueck fmerz,0,0,0,0
173354,zachmann,commands\KWPageInsertCommand.cpp,zander sebsauer ducroquet ,nikolaus pstirnweiss jaham zander ducroquet zachmann sebsauer mkruisselbrink mlaurent girish ,rempt nikolaus zachmann jaham zander staniek fmerz berger girish villani,0,1,1,1,zander zachmann ingwa staniek boud jaham,1,1,1,1,simon abeaumont bloos buis montanaro habacker berger krake lueck fmerz,0,0,0,0
173354,zachmann,commands\KPrPageEffectSetCommand.cpp,,nikolaus pstirnweiss jaham zander ducroquet zachmann sebsauer mkruisselbrink mlaurent girish ,rempt nikolaus zachmann jaham zander staniek fmerz berger girish villani,0,1,1,1,zander zachmann ingwa staniek boud jaham,1,1,1,1,simon abeaumont bloos buis montanaro habacker berger krake lueck fmerz,0,0,0,0
173354,zachmann,dialogs\KWPageSettingsDialog.cpp,zander sebsauer ducroquet nikolaus ,nikolaus zander girish rempt roop ducroquet sebsauer jaham mlaurent zachmann ,rempt nikolaus zachmann jaham zander staniek fmerz berger girish villani,0,1,1,1,zander zachmann ingwa staniek boud jaham,1,1,1,1,simon abeaumont bloos buis montanaro habacker berger krake lueck fmerz,0,0,0,0
173630,zander,pagelayout\KPrPageLayouts.cpp,zachmann staniek ,zachmann staniek fmerz boemann dfaure ,rempt nikolaus zachmann jaham zander staniek fmerz berger girish villani,0,0,1,1,zander zachmann ingwa staniek boud jaham,1,1,1,1,mueller beaulen vkrause ingwa mfranz ereslibre ossi berger piggz mwoehlke,0,0,0,0
173630,zander,main\KoPageFormat.cpp,,jaham fmerz rempt staniek villani boemann langkamp nikolaus dfaure astan ,rempt nikolaus zachmann jaham zander staniek fmerz berger girish villani,0,0,1,1,zander zachmann ingwa staniek boud jaham,1,1,1,1,mueller beaulen vkrause ingwa mfranz ereslibre ossi berger piggz mwoehlke,0,0,0,0
173630,zander,pagelayout\KPrPageLayoutSharedSavingData.cpp,zachmann,zachmann staniek fmerz boemann dfaure ,rempt nikolaus zachmann jaham zander staniek fmerz berger girish villani,0,0,1,1,zander zachmann ingwa staniek boud jaham,1,1,1,1,mueller beaulen vkrause ingwa mfranz ereslibre ossi berger piggz mwoehlke,0,0,0,0
173630,zander,tests\TestBasicLayout.cpp,sebsauer ducroquet ,nikolaus girish berger rempt zander zachmann ducroquet sebsauer bjacob jsimon ,rempt nikolaus zachmann jaham zander staniek fmerz berger girish villani,0,1,1,1,zander zachmann ingwa staniek boud jaham,1,1,1,1,mueller beaulen vkrause ingwa mfranz ereslibre ossi berger piggz mwoehlke,0,0,0,0
173630,zander,pagelayout\KPrPageLayouts.cpp,zachmann staniek ,zachmann staniek fmerz boemann dfaure ,rempt nikolaus zachmann jaham zander staniek fmerz berger girish villani,0,0,1,1,zander zachmann ingwa staniek boud jaham,1,1,1,1,mueller beaulen vkrause ingwa mfranz ereslibre ossi berger piggz mwoehlke,0,0,0,0
173630,zander,guiutils\KoPageLayoutDialog.cpp,sebsauer nikolaus ,jaham boemann zander nikolaus sebsauer mkruisselbrink rempt fmerz staniek danders ,rempt nikolaus zachmann jaham zander staniek fmerz berger girish villani,0,1,1,1,zander zachmann ingwa staniek boud jaham,1,1,1,1,mueller beaulen vkrause ingwa mfranz ereslibre ossi berger piggz mwoehlke,0,0,0,0
173630,zander,main\KoPageLayout.cpp,,jaham fmerz rempt staniek villani boemann langkamp nikolaus dfaure astan ,rempt nikolaus zachmann jaham zander staniek fmerz berger girish villani,0,0,1,1,zander zachmann ingwa staniek boud jaham,1,1,1,1,mueller beaulen vkrause ingwa mfranz ereslibre ossi berger piggz mwoehlke,0,0,0,0
173630,zander,tests\TestPageManager.cpp,sebsauer ducroquet ,nikolaus girish berger rempt zander zachmann ducroquet sebsauer bjacob jsimon ,rempt nikolaus zachmann jaham zander staniek fmerz berger girish villani,0,1,1,1,zander zachmann ingwa staniek boud jaham,1,1,1,1,mueller beaulen vkrause ingwa mfranz ereslibre ossi berger piggz mwoehlke,0,0,0,0
173630,zander,guiutils\KoPageLayoutWidget.cpp,mkruisselbrink sebsauer nikolaus ,jaham boemann zander nikolaus sebsauer mkruisselbrink rempt fmerz staniek danders ,rempt nikolaus zachmann jaham zander staniek fmerz berger girish villani,0,1,1,1,zander zachmann ingwa staniek boud jaham,1,1,1,1,mueller beaulen vkrause ingwa mfranz ereslibre ossi berger piggz mwoehlke,0,0,0,0
173630,zander,commands\KWPagePropertiesCommand.cpp,zander mkruisselbrink ducroquet ,nikolaus pstirnweiss jaham zander ducroquet zachmann sebsauer mkruisselbrink mlaurent girish ,rempt nikolaus zachmann jaham zander staniek fmerz berger girish villani,1,1,1,1,zander zachmann ingwa staniek boud jaham,1,1,1,1,mueller beaulen vkrause ingwa mfranz ereslibre ossi berger piggz mwoehlke,0,0,0,0
173882,jaham,guiutils\KoUniColorChooser.cpp,,jaham boemann zander nikolaus sebsauer mkruisselbrink rempt fmerz staniek danders ,rempt nikolaus zachmann jaham zander staniek fmerz berger girish villani,0,1,1,1,zander zachmann ingwa staniek boud jaham,1,1,1,1,jsimon dang chehrlic dfaure anagl sitter ilic fmerz menard quique,0,0,0,0
173882,jaham,shape\ChartConfigWidget.cpp,jsimon zander ingwa mlaurent nikolaus ,jsimon ingwa nikolaus zander zachmann staniek boemann mlaurent adridg ,rempt nikolaus zachmann jaham zander staniek fmerz berger girish villani,0,0,1,1,zander zachmann ingwa staniek boud jaham,1,1,1,1,jsimon dang chehrlic dfaure anagl sitter ilic fmerz menard quique,0,0,0,0
173882,jaham,chart\ChartDialog.h,,nikolaus,rempt nikolaus zachmann jaham zander staniek fmerz berger girish villani,0,0,1,1,zander zachmann ingwa staniek boud jaham,1,1,1,1,jsimon dang chehrlic dfaure anagl sitter ilic fmerz menard quique,0,0,0,0
173882,jaham,dialogs\GoalSeekDialog.cpp,nikolaus mlaurent ,nikolaus zander girish rempt roop ducroquet sebsauer jaham mlaurent zachmann ,rempt nikolaus zachmann jaham zander staniek fmerz berger girish villani,0,1,1,1,zander zachmann ingwa staniek boud jaham,1,1,1,1,jsimon dang chehrlic dfaure anagl sitter ilic fmerz menard quique,0,0,0,0
173882,jaham,tests\TestStatisticalFunctions.cpp,nikolaus,nikolaus girish berger rempt zander zachmann ducroquet sebsauer bjacob jsimon ,rempt nikolaus zachmann jaham zander staniek fmerz berger girish villani,0,0,1,1,zander zachmann ingwa staniek boud jaham,1,1,1,1,jsimon dang chehrlic dfaure anagl sitter ilic fmerz menard quique,0,0,0,0
173882,jaham,guiutils\KoEditColorSetDialog.cpp,,jaham boemann zander nikolaus sebsauer mkruisselbrink rempt fmerz staniek danders ,rempt nikolaus zachmann jaham zander staniek fmerz berger girish villani,0,1,1,1,zander zachmann ingwa staniek boud jaham,1,1,1,1,jsimon dang chehrlic dfaure anagl sitter ilic fmerz menard quique,0,0,0,0
173882,jaham,ui\kptstandardworktimedialog.cpp,,rempt danders nikolaus berger langkamp mkruisselbrink flambert zachmann jaham zander ,rempt nikolaus zachmann jaham zander staniek fmerz berger girish villani,0,1,1,1,zander zachmann ingwa staniek boud jaham,1,1,1,1,jsimon dang chehrlic dfaure anagl sitter ilic fmerz menard quique,0,0,0,0
173882,jaham,guiutils\KoEditColorSetDialog.cpp,,jaham boemann zander nikolaus sebsauer mkruisselbrink rempt fmerz staniek danders ,rempt nikolaus zachmann jaham zander staniek fmerz berger girish villani,0,1,1,1,zander zachmann ingwa staniek boud jaham,1,1,1,1,jsimon dang chehrlic dfaure anagl sitter ilic fmerz menard quique,0,0,0,0
173882,jaham,shape\ChartTool.cpp,jsimon boemann nikolaus ,jsimon ingwa nikolaus zander zachmann staniek boemann mlaurent adridg ,rempt nikolaus zachmann jaham zander staniek fmerz berger girish villani,0,0,1,1,zander zachmann ingwa staniek boud jaham,1,1,1,1,jsimon dang chehrlic dfaure anagl sitter ilic fmerz menard quique,0,0,0,0
173882,jaham,refinepath\RefinePathPlugin.cpp,,,rempt nikolaus zachmann jaham zander staniek fmerz berger girish villani,0,0,1,1,zander zachmann ingwa staniek boud jaham,1,1,1,1,jsimon dang chehrlic dfaure anagl sitter ilic fmerz menard quique,0,0,0,0
176278,berger,flake\KoImageData.cpp,jaham,jaham zachmann zander staniek nikolaus boemann mkruisselbrink jsimon rempt clicea ,rempt nikolaus zachmann jaham zander staniek fmerz berger girish villani,0,0,1,1,zander zachmann ingwa staniek boud jaham,0,0,0,0,mwoehlke fela jaham dmeltzer ducroquet djarvie boemann lukast dang piggz,0,0,0,0
176278,berger,commands\kis_image_commands.h,,nikolaus pstirnweiss jaham zander ducroquet zachmann sebsauer mkruisselbrink mlaurent girish ,rempt nikolaus zachmann jaham zander staniek fmerz berger girish villani,0,0,1,1,zander zachmann ingwa staniek boud jaham,0,0,0,0,mwoehlke fela jaham dmeltzer ducroquet djarvie boemann lukast dang piggz,0,0,0,0
176278,berger,flake\KoImageCollection.cpp,zachmann jaham ,jaham zachmann zander staniek nikolaus boemann mkruisselbrink jsimon rempt clicea ,rempt nikolaus zachmann jaham zander staniek fmerz berger girish villani,0,0,1,1,zander zachmann ingwa staniek boud jaham,0,0,0,0,mwoehlke fela jaham dmeltzer ducroquet djarvie boemann lukast dang piggz,0,0,0,0
176278,berger,tests\TestImageCollection.cpp,,nikolaus girish berger rempt zander zachmann ducroquet sebsauer bjacob jsimon ,rempt nikolaus zachmann jaham zander staniek fmerz berger girish villani,0,1,1,1,zander zachmann ingwa staniek boud jaham,0,0,0,0,mwoehlke fela jaham dmeltzer ducroquet djarvie boemann lukast dang piggz,0,0,0,0
176278,berger,ui\kis_print_job.cpp,rempt,rempt danders nikolaus berger langkamp mkruisselbrink flambert zachmann jaham zander ,rempt nikolaus zachmann jaham zander staniek fmerz berger girish villani,0,1,1,1,zander zachmann ingwa staniek boud jaham,0,0,0,0,mwoehlke fela jaham dmeltzer ducroquet djarvie boemann lukast dang piggz,0,0,0,0
176278,berger,tests\kis_image_test.cpp,,nikolaus girish berger rempt zander zachmann ducroquet sebsauer bjacob jsimon ,rempt nikolaus zachmann jaham zander staniek fmerz berger girish villani,0,1,1,1,zander zachmann ingwa staniek boud jaham,0,0,0,0,mwoehlke fela jaham dmeltzer ducroquet djarvie boemann lukast dang piggz,0,0,0,0
176278,berger,canvas\kis_prescaled_projection.cpp,berger rempt mkruisselbrink ,berger rempt mkruisselbrink jsimon pstirnweiss langkamp bjacob ,rempt nikolaus zachmann jaham zander staniek fmerz berger girish villani,1,1,1,1,zander zachmann ingwa staniek boud jaham,0,0,0,0,mwoehlke fela jaham dmeltzer ducroquet djarvie boemann lukast dang piggz,0,0,0,0
176278,berger,commands\kis_image_commands.h,,nikolaus pstirnweiss jaham zander ducroquet zachmann sebsauer mkruisselbrink mlaurent girish ,rempt nikolaus zachmann jaham zander staniek fmerz berger girish villani,0,0,1,1,zander zachmann ingwa staniek boud jaham,0,0,0,0,mwoehlke fela jaham dmeltzer ducroquet djarvie boemann lukast dang piggz,0,0,0,0
176278,berger,shape\KritaShape.cpp,zachmann,jsimon ingwa nikolaus zander zachmann staniek boemann mlaurent adridg ,rempt nikolaus zachmann jaham zander staniek fmerz berger girish villani,0,0,1,1,zander zachmann ingwa staniek boud jaham,0,0,0,0,mwoehlke fela jaham dmeltzer ducroquet djarvie boemann lukast dang piggz,0,0,0,0
176278,berger,flake\KoImageData_p.cpp,,jaham zachmann zander staniek nikolaus boemann mkruisselbrink jsimon rempt clicea ,rempt nikolaus zachmann jaham zander staniek fmerz berger girish villani,0,0,1,1,zander zachmann ingwa staniek boud jaham,0,0,0,0,mwoehlke fela jaham dmeltzer ducroquet djarvie boemann lukast dang piggz,0,0,0,0
